pdb,true_pocket,pred_pocket,dataset,recall,precision,ligandIdx_true,true_pts_ligandIdx_pred,pred_pts_ligandIdx_pred,npoints_true,npoints_pred
4X7G_A_,0,0,train,0.8725490196078431,0.2894308943089431,5,0,0,204,615
3PVZ_AB_,0,0,train,0.9816176470588235,0.521484375,4,2,2,272,512
4RLR_A_,0,0,train,0.916,0.7411003236245954,3,3,3,250,309
2XJA_A_,0,0,train,1.0,0.3117154811715481,0,0,0,149,478
5ZBA_ACBD_,0,0,train,0.881578947368421,0.6463022508038585,1,1,1,228,311
3OWC_A_,0,0,train,0.863849765258216,0.36947791164658633,1,1,1,213,498
3SC6_A_,0,0,train,0.7136563876651982,0.42408376963350786,5,5,2,227,382
1TU9_A_,0,0,train,0.9867256637168141,0.6861538461538461,3,3,3,226,325
4J31_A_,0,0,train,1.0,0.48080133555926546,2,2,2,288,599
3B70_A_,0,0,train,0.6111111111111112,0.25535714285714284,5,5,2,234,560
2R87_ACB_,1,0,train,0.7468354430379747,0.22648752399232247,0,0,1,158,521
4REP_A_,0,0,train,0.9207317073170732,0.4660493827160494,2,2,2,328,648
5DMZ_A_,0,0,train,1.0,0.4672364672364672,0,0,0,164,351
5T6Q_A_,0,0,train,1.0,0.6313465783664459,3,3,3,286,453
5LKU_A_,0,0,train,0.8934426229508197,0.5662337662337662,1,1,2,244,385
1HI5_A_,0,0,train,0.6041666666666666,0.2636363636363636,0,0,2,96,220
4PKH_AB_,0,0,train,0.9811320754716981,0.34743875278396436,0,0,0,159,449
4GI5_AB_,1,0,train,0.6496598639455783,0.40638297872340423,2,2,2,294,470
2ZW9_A_,0,0,train,0.8894472361809045,0.43703703703703706,6,6,4,199,405
4P7A_AB_,0,0,train,0.9942528735632183,0.6156583629893239,0,0,0,174,281
3LMH_A_,0,0,train,1.0,0.2776659959758551,0,0,4,138,497
5LBX_AB_,0,0,train,0.6709401709401709,0.34966592427616927,5,5,4,234,449
4H4Q_AB_,1,0,train,1.0,0.3915211970074813,2,2,2,314,802
2VE4_A_,0,0,train,0.9812734082397003,0.4971537001897533,3,3,3,267,527
5KKZ_ACBEGF_,3,0,train,0.8833922261484098,0.9433962264150944,3,3,3,283,265
5KKZ_ACBEGF_,2,1,train,0.9897260273972602,0.6379690949227373,3,3,3,292,453
1ZTH_A_,0,0,train,1.0,0.35103244837758113,0,0,0,119,339
3LB3_AB_,1,0,train,0.9317269076305221,0.7532467532467533,3,3,3,249,308
3LB3_AB_,0,1,train,0.9831932773109243,0.7090909090909091,3,3,3,238,330
1U5U_A_,0,0,train,1.0,0.5115864527629234,3,3,3,287,561
4TS7_AB_,1,0,train,1.0,0.45364238410596025,0,6,0,137,302
5HE9_AE_,0,0,train,0.7066666666666667,0.3081395348837209,0,0,0,75,172
4B8N_A_,0,0,train,0.9782608695652174,0.6987577639751553,3,3,3,230,322
1R0Y_A_,0,0,train,0.8828828828828829,0.3356164383561644,0,0,0,111,292
2E1M_ACBEDF_,0,0,train,0.8947368421052632,0.6257668711656442,2,2,2,342,489
4XE8_A_,0,0,train,1.0,0.306368330464716,0,0,0,178,581
1JG4_A_,0,0,train,1.0,0.5275590551181102,6,6,6,201,381
3W4Y_AC_,1,0,train,0.7450980392156863,0.7147335423197492,2,2,2,306,319
2V3A_A_,0,0,train,0.8451178451178452,0.518595041322314,2,2,2,297,484
3GYJ_A_,0,0,train,1.0,0.5962732919254659,2,2,2,288,483
3R03_AB_,0,1,train,0.9426229508196722,0.4020979020979021,0,1,1,122,286
3HYO_A_,0,0,train,1.0,0.2741020793950851,0,0,4,145,529
4IB1_AS_,0,0,train,1.0,0.42346938775510207,0,0,0,166,392
5G5G_ACB_,0,0,train,1.0,0.5112903225806451,2,2,2,317,620
1ASH_A_,0,0,train,0.9844961240310077,0.7175141242937854,3,3,3,258,354
4YMP_A_,0,0,train,0.9197530864197531,0.5983935742971888,3,3,3,162,249
4HNH_A_,0,0,train,0.9871794871794872,0.6398891966759003,5,4,2,234,361
6C7Y_AB_,0,0,train,1.0,0.35173824130879344,0,0,0,172,489
2ECK_A_,0,0,train,1.0,0.2591362126245847,0,0,2,156,602
1W5S_A_,0,0,train,1.0,0.4348894348894349,0,0,0,177,407
5HTX_A_,0,0,train,0.9391891891891891,0.5515873015873016,0,0,0,148,252
3RTL_A_,0,0,train,0.8146067415730337,0.4517133956386293,3,3,0,178,321
5B7I_ACB_,0,0,train,0.9925373134328358,0.3970149253731343,0,0,0,134,335
1Z9N_AB_,0,0,train,0.8636363636363636,0.40860215053763443,3,3,4,132,279
1I1D_AD_,0,1,train,0.7448979591836735,0.43452380952380953,1,1,1,196,336
1P3U_A_,0,0,train,0.9707317073170731,0.6160990712074303,3,3,1,205,323
5CUO_AB_,0,0,train,0.6451612903225806,0.3373493975903614,1,1,4,217,415
3GWN_AB_,0,0,train,0.9880952380952381,0.5831381733021077,2,2,2,252,427
1QAX_AB_,0,0,train,1.0,0.3803863298662704,4,4,2,256,673
3DME_AB_,0,0,train,0.7507788161993769,0.6163682864450127,2,2,2,321,391
3DME_AB_,0,1,train,0.7987421383647799,0.6271604938271605,2,2,2,318,405
5JGL_A_,0,0,train,1.0,0.4082687338501292,6,6,4,158,387
4G7R_ACB_,0,0,train,1.0,0.38481338481338484,3,3,3,299,777
5KTC_A_,0,0,train,0.5892116182572614,0.32054176072234764,1,1,1,241,443
3S1C_A_,0,0,train,0.5366666666666666,0.2692307692307692,2,2,4,300,598
3BTS_ABEF_,0,0,train,0.6180257510729614,0.2742857142857143,4,4,4,233,525
5EZ7_A_,0,0,train,0.9933993399339934,0.5127768313458262,2,2,2,303,587
5EIN_ACBEDF_,0,0,train,0.6144578313253012,0.4594594594594595,5,5,4,249,333
5EIN_ACBEDF_,1,1,train,0.6184738955823293,0.5403508771929825,5,5,5,249,285
5EIN_ACBEDF_,1,2,train,0.6007751937984496,0.4725609756097561,5,5,5,258,328
5EIN_ACBEDF_,0,3,train,0.7459677419354839,0.42626728110599077,5,5,4,248,434
2DVM_AB_,0,0,train,0.8486238532110092,0.40305010893246185,4,4,4,218,459
2DVM_AB_,0,1,train,0.5720524017467249,0.40307692307692305,4,4,4,229,325
4GT8_A_,0,0,train,1.0,0.5933609958506224,0,0,0,143,241
1O2D_A_,0,0,train,0.7630522088353414,0.3838383838383838,5,5,5,249,495
3FH0_AB_,1,0,train,0.9863013698630136,0.38095238095238093,0,2,1,146,378
4WW9_AB_,0,1,train,0.9795918367346939,0.6515837104072398,0,0,0,147,221
2DPM_A_,0,0,train,1.0,0.4489795918367347,6,6,4,176,392
2CNQ_A_,1,0,train,0.9789473684210527,0.23308270676691728,0,0,0,95,399
6FUU_AB_,1,0,train,0.9945945945945946,0.37551020408163266,3,1,3,185,490
4YHB_A_,0,0,train,0.9964788732394366,0.6345291479820628,2,4,1,284,446
5XV0_AB_,1,0,train,0.9888888888888889,0.6267605633802817,5,5,5,270,426
4ZE2_A_,0,0,train,0.9962546816479401,0.5495867768595041,3,3,3,267,484
4R3L_AB_,0,0,train,0.9699248120300752,0.6157517899761337,1,1,1,266,419
4RVO_AB_,0,0,train,0.8757763975155279,0.25405405405405407,0,4,2,161,555
5L8J_AB_,0,0,train,1.0,0.3620689655172414,0,0,1,126,348
3T37_AB_,1,0,train,1.0,0.6111111111111112,2,2,2,330,540
3DMH_A_,0,0,train,0.9473684210526315,0.35714285714285715,6,6,4,190,504
2B0Q_A_,0,0,train,1.0,0.28836424957841483,0,0,0,171,593
4R1F_AB_,0,0,train,0.5636363636363636,0.6690647482014388,0,0,0,165,139
4R1F_AB_,0,1,train,1.0,0.30639097744360905,0,0,0,163,532
5GI8_A_,0,0,train,0.9554455445544554,0.386,1,1,1,202,500
3KA7_A_,0,0,train,0.9935897435897436,0.545774647887324,2,2,2,312,568
4FWF_AE_,0,0,train,1.0,0.6514285714285715,2,2,2,342,525
1CMC_AB_,1,0,train,0.768,0.6857142857142857,6,6,6,125,140
1X7P_AB_,0,0,train,0.9813664596273292,0.6899563318777293,6,6,6,161,229
5MVF_AB_,1,0,train,0.934640522875817,0.4612903225806452,0,0,0,153,310
5N0S_AB_,1,0,train,0.9707602339181286,0.6240601503759399,6,6,6,171,266
1RFV_AB_,1,0,train,0.9735099337748344,0.2620320855614973,0,0,4,151,561
4IDG_AB_,1,0,train,0.7688888888888888,0.44587628865979384,4,4,2,225,388
3C4N_AB_,0,1,train,0.9864864864864865,0.369620253164557,0,0,2,148,395
3SMS_AB_,0,0,train,0.5328947368421053,0.2764505119453925,0,0,2,152,293
1EFP_AB_,0,0,train,0.7561837455830389,0.7430555555555556,2,2,2,283,288
3KU1_A_,0,1,train,0.934640522875817,0.55859375,6,6,6,153,256
2NWB_ACBD_,1,0,train,1.0,0.525,3,3,3,252,480
3QXY_AP_,0,0,train,1.0,0.42346938775510207,6,6,4,166,392
2PBJ_AB_,0,0,train,0.5732484076433121,0.625,3,3,3,157,144
2PBJ_AB_,0,1,train,0.7228915662650602,0.43956043956043955,3,2,0,166,273
3FWY_AB_,0,0,train,0.9338235294117647,0.5427350427350427,0,0,0,136,234
5GWX_A_,0,0,train,0.8666666666666667,0.2708333333333333,6,6,4,165,528
3VQR_AB_,0,0,train,0.9873817034700315,0.5269360269360269,2,2,2,317,594
3VET_A_,0,0,train,1.0,0.22251655629139072,0,0,0,168,755
1JM6_AB_,0,0,train,0.8533333333333334,0.6994535519125683,0,0,4,150,183
3O7W_A_,0,0,train,1.0,0.3108348134991119,6,6,4,175,563
4FZB_ACBD_,3,0,train,1.0,0.21771523178807947,2,2,2,263,1208
1JAY_AB_,0,1,train,1.0,0.5336426914153132,5,5,1,230,431
4CNK_A_,0,0,train,0.9969879518072289,0.6983122362869199,2,2,2,332,474
4EUF_A_,0,0,train,0.646551724137931,0.26362038664323373,4,2,4,232,569
1SIQ_ACBD_,2,0,train,0.8181818181818182,0.453781512605042,2,2,2,330,595
1D4O_A_,0,0,train,0.9437229437229437,0.543640897755611,5,0,0,231,401
1TAE_A_,0,0,train,0.8346153846153846,0.384070796460177,4,6,0,260,565
5O0X_A_,0,0,train,0.8967391304347826,0.3891509433962264,2,2,2,184,424
2FOI_ACBD_,0,1,train,0.9878542510121457,0.4756335282651072,4,4,2,247,513
2QE6_A_,0,0,train,1.0,0.3353658536585366,6,6,6,165,492
6BM5_A_,0,0,train,1.0,0.44983818770226536,6,6,6,139,309
3ZBR_A_,0,0,train,0.8439716312056738,0.27546296296296297,5,2,2,141,432
4GC9_A_,0,0,train,0.9398148148148148,0.8252032520325203,6,6,6,216,246
1Z5B_AB_,0,0,train,1.0,0.5631768953068592,0,0,2,156,277
5TEG_AD_,0,0,train,0.9876543209876543,0.5369127516778524,6,6,6,162,298
3NX4_AB_,1,0,train,0.7821011673151751,0.628125,5,5,2,257,320
1CFM_ACB_,2,0,train,1.0,0.8309037900874635,3,3,3,285,343
1CFM_ACB_,0,1,train,0.9563758389261745,0.9076433121019108,3,3,2,298,314
5HG0_AB_,0,0,train,1.0,0.3710691823899371,6,6,2,177,477
1LH3_A_,0,0,train,0.9927272727272727,0.6610169491525424,3,3,3,275,413
5WGV_A_,0,0,train,0.9906832298136646,0.5962616822429907,2,2,2,322,535
1SEZ_AB_,0,0,train,0.8214285714285714,0.6155717761557178,2,2,2,308,411
2WN7_A_,0,0,train,0.591715976331361,0.2857142857142857,4,4,4,169,350
1VLJ_AB_,1,0,train,0.7362637362637363,0.45681818181818185,5,5,4,273,440
3GRY_A_,0,0,train,1.0,0.4408866995073892,6,6,2,179,406
4Z9D_A_,0,0,train,0.9947089947089947,0.428246013667426,4,4,1,189,439
2J4D_A_,0,0,train,0.9588014981273408,0.7191011235955056,2,2,2,267,356
3HY6_A_,0,0,train,1.0,0.1702127659574468,0,0,0,64,376
4X9N_A_,0,0,train,1.0,0.64030131826742,2,2,2,340,531
1TH8_ACBD_,0,0,train,0.9736842105263158,0.3690773067331671,0,0,4,152,401
1LSW_A_,0,0,train,1.0,0.8456973293768546,3,3,3,285,337
2IL4_A_,0,0,train,0.7873563218390804,0.845679012345679,1,1,1,174,162
5W7P_AB_,0,0,train,0.9105263157894737,0.33078393881453155,6,4,3,190,523
2ZQX_A_,0,0,train,1.0,0.5019230769230769,3,3,3,261,520
4UQO_A_,0,0,train,0.7115384615384616,0.39361702127659576,0,0,0,104,188
5BW4_A_,0,0,train,0.9259259259259259,0.7172131147540983,6,6,6,189,244
1S66_UL_,0,0,train,0.9960159362549801,0.8038585209003215,3,3,3,251,311
2VDV_E_,0,0,train,0.5621301775147929,0.25815217391304346,6,6,3,169,368
6EDD_A_,0,0,train,0.9422222222222222,0.3833634719710669,1,1,1,225,553
2NXE_A_,0,0,train,0.9673202614379085,0.31556503198294245,6,6,4,153,469
2VOU_AD_,1,0,train,0.7940074906367042,0.4598698481561822,2,2,2,267,461
3KLJ_A_,0,0,train,0.639751552795031,0.3213728549141966,2,2,2,322,641
1HSK_A_,0,0,train,0.9478527607361963,0.5383275261324042,2,2,2,326,574
5EO2_AD_,1,0,train,0.6284153005464481,0.2948717948717949,1,6,4,183,390
4JXC_A_,0,0,train,1.0,0.38620689655172413,6,6,2,168,435
4QJK_A_,0,0,train,0.6184738955823293,0.5,1,1,1,249,308
4CW7_HG_,0,0,train,0.5675675675675675,0.2930232558139535,0,0,0,111,215
5LXM_AD_,0,0,train,1.0,0.32941176470588235,0,0,0,140,425
2R2G_AB_,1,0,train,0.6710526315789473,0.408,5,5,4,228,375
1LSS_AB_,0,0,train,0.8224852071005917,0.6587677725118484,4,0,0,169,211
1LSS_AB_,0,1,train,0.8705882352941177,0.7437185929648241,4,4,4,170,199
3N7U_AB_,0,0,train,0.9436619718309859,0.6442307692307693,4,4,4,284,416
3FD6_AB_,0,0,train,0.9937888198757764,0.3426124197002141,0,0,0,161,467
3A0T_A_,0,0,train,1.0,0.4720670391061452,0,0,1,169,358
2G3H_A_,0,0,train,0.9960629921259843,0.7270114942528736,3,3,3,254,348
3RNO_AB_,0,0,train,0.6931216931216931,0.36694677871148457,5,5,4,189,357
1N6C_A_,0,0,train,0.6380368098159509,0.24644549763033174,6,6,6,163,422
3E4W_A_,0,0,train,1.0,0.5595959595959596,3,3,3,277,495
1Y81_A_,0,0,train,0.6037735849056604,0.5981308411214953,1,0,0,212,214
2NV4_AB_,1,0,train,0.827027027027027,0.39947780678851175,6,6,0,185,383
2NV4_AB_,0,1,train,0.976878612716763,0.5090361445783133,6,6,0,173,332
3AR3_A_,0,0,train,0.921875,0.34104046242774566,0,1,1,128,346
4M20_ACBD_,1,0,train,0.8458498023715415,0.4942263279445728,1,1,2,253,433
6BWC_ACBEDF_,0,0,train,0.8231292517006803,0.4879032258064516,5,5,2,294,496
3C9U_AB_,1,0,train,1.0,0.32983193277310924,0,0,0,157,476
3A5L_SC_,0,0,train,0.8136645962732919,0.29175946547884185,0,0,2,161,449
4YSJ_A_,0,0,train,1.0,0.3953488372093023,0,0,0,153,387
5K18_ABF_,0,0,train,0.9346938775510204,0.4312617702448211,1,1,1,245,531
3E8X_AB_,1,0,train,0.9885931558935361,0.5371900826446281,5,5,1,263,484
3C63_ACBD_,1,0,train,0.9761904761904762,0.5843230403800475,3,3,0,252,421
2BGI_A_,0,0,train,0.98046875,0.42759795570698467,2,2,2,256,587
1UJ2_ACBD_,1,0,train,0.7457627118644068,0.30344827586206896,0,0,0,118,290
2PGN_ACBD_,0,0,train,0.6984615384615385,0.3989455184534271,2,2,2,325,569
2PGN_ACBD_,0,1,train,0.6539589442815249,0.4255725190839695,2,2,2,341,524
3N65_AB_,0,0,train,0.6428571428571429,0.5543478260869565,3,3,0,238,276
3A27_A_,0,0,train,0.9940119760479041,0.4702549575070821,6,6,2,167,353
1NHG_ACBD_,1,0,train,0.5477178423236515,0.5546218487394958,4,2,2,241,238
1NHG_ACBD_,0,1,train,0.9766536964980544,0.5,4,2,2,257,502
2UUV_AB_,0,0,train,0.6631944444444444,0.3715953307392996,2,2,0,288,514
1CXY_A_,0,0,train,0.9923371647509579,0.7115384615384616,3,3,3,261,364
3TLX_A_,0,0,train,1.0,0.2063273727647868,0,0,0,150,727
3TSU_A_,0,0,train,1.0,0.17136150234741784,0,0,2,146,852
5CZY_A_,0,0,train,0.8700564971751412,0.5620437956204379,6,6,6,177,274
2WM3_A_,0,0,train,0.6833333333333333,0.4672364672364672,5,5,2,240,351
4PRX_AB_,0,0,train,0.968944099378882,0.36792452830188677,0,0,0,161,424
4PRX_AB_,0,1,train,0.9695121951219512,0.3646788990825688,0,2,2,164,436
2GQU_A_,0,0,train,0.9966666666666667,0.5227272727272727,2,2,2,300,572
4NE2_AC_,0,0,train,0.9171974522292994,0.263254113345521,0,0,2,157,547
3KH5_A_,0,0,train,1.0,0.21408839779005526,0,0,0,155,724
4FCW_A_,0,0,train,1.0,0.5082508250825083,0,0,0,154,303
4PL4_AB_,0,0,train,0.7931034482758621,0.5324074074074074,0,0,0,145,216
4PL4_AB_,0,1,train,0.9466666666666667,0.6729857819905213,0,0,0,150,211
1W7K_A_,0,0,train,1.0,0.33539094650205764,0,0,0,163,486
4E0I_AB_,0,0,train,0.9469964664310954,0.7127659574468085,2,2,2,283,376
6AWG_AB_,0,0,train,0.673202614379085,0.2614213197969543,0,0,2,153,394
1BGN_AB_,1,0,train,1.0,0.5447897623400365,2,2,2,298,547
1BGN_AB_,0,1,train,1.0,0.5,2,2,2,313,626
3CAR_A_,3,0,train,0.5773584905660377,0.3167701863354037,3,3,3,265,483
2B9E_A_,0,0,train,0.9294117647058824,0.5984848484848485,6,6,4,170,264
6CII_A_,0,0,train,1.0,0.619815668202765,3,3,3,269,434
2H4F_AD_,0,0,train,0.9391634980988594,0.49798387096774194,4,2,2,263,496
4IV9_AB_,0,0,train,1.0,0.5284552845528455,2,2,2,325,615
4IV9_AB_,0,1,train,1.0,0.575139146567718,2,2,2,310,539
3T7A_A_,0,0,train,1.0,0.33186813186813185,0,0,0,151,455
3H8L_AB_,0,0,train,0.8405797101449275,0.535796766743649,2,2,2,276,433
2RGJ_A_,0,0,train,0.9365671641791045,0.4169435215946844,2,2,2,268,602
3TNQ_AB_,0,1,train,0.9012345679012346,0.5140845070422535,0,0,0,162,284
5BUK_A_,0,0,train,1.0,0.626746506986028,2,2,2,314,501
5IW4_AB_,0,0,train,0.6549707602339181,0.4072727272727273,4,4,4,171,275
5MFA_A_,0,0,train,1.0,0.503448275862069,3,3,3,219,435
3BF1_AB_,1,1,train,0.5983606557377049,0.19571045576407506,0,0,0,122,373
1G6O_ACBEDF_,5,0,train,0.6397058823529411,0.1676300578034682,0,0,0,136,519
4KVL_A_,0,0,train,1.0,0.6221719457013575,3,3,3,275,442
3KPB_AB_,0,0,train,1.0,0.5171102661596958,6,6,4,136,263
5GZA_A_,0,0,train,1.0,0.35476718403547675,0,0,0,160,451
2BAC_A_,0,0,train,0.9473684210526315,0.4376899696048632,2,2,2,304,658
3U9E_AB_,3,0,train,0.5192307692307693,0.3176470588235294,1,0,4,104,170
3U9E_AB_,1,1,train,0.6935483870967742,0.5341614906832298,1,0,4,124,161
1UM8_A_,0,0,train,1.0,0.37566137566137564,0,0,0,142,378
3SYI_AB_,0,0,train,0.9392857142857143,0.4161392405063291,2,2,2,280,632
5JZX_AC_,1,0,train,0.5083056478405316,0.3227848101265823,2,6,2,301,474
2H63_AC_,0,0,train,0.7313432835820896,0.5675675675675675,5,5,5,201,259
2H63_AC_,0,1,train,0.7731958762886598,0.3768844221105528,5,1,5,194,398
1EIZ_A_,0,0,train,0.8430232558139535,0.46325878594249204,6,6,0,172,313
3E23_A_,0,0,train,1.0,0.38306451612903225,6,6,2,190,496
5HMN_CE_,0,0,train,0.9812206572769953,0.4940898345153664,1,1,1,213,423
2YWL_AB_,1,0,train,1.0,0.6096033402922756,2,0,2,292,479
2YWL_AB_,0,1,train,0.6534653465346535,0.8354430379746836,2,2,2,303,237
4KRH_A_,0,0,train,0.9759615384615384,0.6077844311377245,6,6,6,208,334
4UUR_A_,0,0,train,1.0,0.7010869565217391,3,3,3,258,368
1MJ9_A_,0,0,train,0.926605504587156,0.4622425629290618,1,5,1,218,437
4H6Q_A_,0,0,train,0.8695652173913043,0.707395498392283,2,1,2,253,311
5CM7_AB_,1,0,train,0.6814814814814815,0.2893081761006289,0,0,0,135,318
5CM7_AB_,0,1,train,0.9370629370629371,0.2768595041322314,0,0,0,143,484
1VB6_AB_,1,1,train,0.9961389961389961,0.6825396825396826,3,3,3,259,378
5H6L_A_,0,0,train,0.8848484848484849,0.5959183673469388,4,4,4,165,245
4NM5_ACB_,0,0,train,1.0,0.4425087108013937,0,0,0,127,287
1ZAR_A_,0,0,train,0.9930555555555556,0.4440993788819876,0,0,0,144,322
4NJJ_AB_,0,0,train,0.9831460674157303,0.44871794871794873,6,6,6,178,390
4NJJ_AB_,0,1,train,0.9269662921348315,0.4755043227665706,6,6,4,178,347
1MOK_AB_,1,0,train,0.9078947368421053,0.5390625,2,2,2,304,512
1MOK_AB_,0,2,train,1.0,0.3288439955106622,2,2,2,293,891
4KQB_A_,0,0,train,0.9784172661870504,0.40236686390532544,0,0,0,139,338
3B9J_ACB_,0,0,train,0.5928571428571429,0.5478547854785478,2,2,2,280,303
3CR7_AB_,0,0,train,0.6324786324786325,0.20218579234972678,0,0,1,117,366
3G89_A_,0,0,train,0.6492537313432836,0.5471698113207547,6,6,6,134,159
6AQP_ACBD_,0,0,train,0.616822429906542,0.5076923076923077,1,1,6,214,260
5LDG_A_,0,0,train,1.0,0.59958071278826,5,5,1,286,477
1N45_A_,0,0,train,0.9908675799086758,0.4898419864559819,3,3,3,219,443
2RGH_AB_,1,0,train,0.6146496815286624,0.420479302832244,2,2,2,314,459
4BJZ_AB_,0,0,train,0.7395833333333334,0.5634920634920635,2,2,2,288,378
4BJZ_AB_,0,1,train,0.9032258064516129,0.48091603053435117,2,2,2,279,524
5B50_A_,0,0,train,0.9887640449438202,0.5659163987138264,3,3,3,178,311
2NUN_A_,0,0,train,0.76,0.2761627906976744,0,4,4,125,344
3UDS_A_,0,0,train,1.0,0.33874709976798145,0,0,0,146,431
1RI4_A_,0,0,train,1.0,0.32905982905982906,6,6,6,154,468
1RYI_ABEF_,2,0,train,0.8269794721407625,0.6588785046728972,2,2,2,341,428
1RYI_ABEF_,2,1,train,0.8206686930091185,0.8626198083067093,2,2,2,329,313
1RYI_ABEF_,0,2,train,0.8083832335329342,0.6585365853658537,2,2,2,334,410
1RYI_ABEF_,0,3,train,0.8333333333333334,0.7069408740359897,2,2,2,330,389
5EC0_A_,0,0,train,1.0,0.3598233995584989,0,0,6,163,453
5JR7_AB_,0,0,train,1.0,0.4177545691906005,0,0,0,160,383
5O9U_AC_,0,0,train,0.9420289855072463,0.41226215644820297,1,1,1,207,473
1P91_AB_,1,0,train,0.9791666666666666,0.4259818731117825,6,4,4,144,331
4XF6_A_,0,0,train,1.0,0.38105263157894737,0,0,0,181,475
2Y8Q_ABE_,0,0,train,0.7318840579710145,0.20528455284552846,0,0,0,138,492
2CH6_AD_,0,0,train,0.896551724137931,0.2608695652173913,0,0,1,174,598
4PSW_ACB_,0,1,train,0.8497109826589595,0.7616580310880829,1,1,1,173,193
1PN0_AC_,1,0,train,1.0,0.48104956268221577,2,2,2,330,686
4I3Z_AB_,0,0,train,1.0,0.4965034965034965,0,0,0,142,286
5TKR_AB_,0,0,train,0.7633136094674556,0.3573407202216066,0,0,0,169,361
4FNH_AB_,0,0,train,1.0,0.697560975609756,3,3,3,286,410
5VLD_AB_,1,0,train,0.9917355371900827,0.5727923627684964,4,4,4,242,419
3RVD_ACBDIJ_,3,0,train,0.9752650176678446,0.4955116696588869,4,2,2,283,557
2QB5_A_,0,0,train,1.0,0.297951582867784,0,0,0,160,537
2R79_ACBEDF_,0,0,train,0.5326633165829145,0.7464788732394366,3,0,0,199,142
3ZL8_A_,0,0,train,0.9937106918238994,0.3104125736738703,0,0,0,159,509
5IQX_A_,0,0,train,0.9678714859437751,0.7392638036809815,3,3,3,249,326
6C90_AB_,0,0,train,0.7894736842105263,0.12622720897615708,0,0,0,114,713
4GUT_AB_,0,0,train,1.0,0.712742980561555,2,2,2,330,463
3D2D_A_,0,0,train,0.9932432432432432,0.550561797752809,2,2,2,296,534
6B5D_A_,0,0,train,0.85,0.31974921630094044,0,0,1,120,319
3WV7_ACB_,0,1,train,0.8974358974358975,0.29850746268656714,0,4,1,156,469
4N09_A_,0,0,train,0.9593023255813954,0.2440828402366864,0,0,4,172,676
4U9Y_A_,0,0,train,0.9852941176470589,0.6871794871794872,1,1,1,272,390
3TPT_A_,0,0,train,1.0,0.4670846394984326,0,0,0,149,319
4USQ_ACBF_,1,0,train,0.5405405405405406,0.6153846153846154,2,2,2,296,260
4USQ_ACBF_,0,2,train,0.5945945945945946,0.7822222222222223,2,2,2,296,225
3LD2_A_,0,0,train,0.9880478087649402,0.545054945054945,1,1,1,251,455
4UIQ_CB_,0,0,train,0.9330543933054394,0.6778115501519757,3,3,3,239,329
4UIQ_CB_,1,1,train,0.9037656903765691,0.7552447552447552,3,3,3,239,286
4BUB_A_,0,0,train,0.9668874172185431,0.4010989010989011,0,0,2,151,364
3SN5_A_,0,0,train,0.9077490774907749,0.4066115702479339,3,3,3,271,605
4K0B_ACBD_,1,0,train,1.0,0.572289156626506,6,2,4,190,332
3EMB_A_,0,0,train,1.0,0.46866485013623976,6,6,0,172,367
2BUN_A_,0,0,train,1.0,0.7411764705882353,2,2,2,189,255
3QZX_AB_,0,0,train,1.0,0.6737089201877934,3,3,3,287,426
3QZX_AB_,0,1,train,1.0,0.6239130434782608,3,3,3,287,460
2O2Z_AB_,0,0,train,0.8418079096045198,0.4790996784565916,4,5,0,177,311
4OI2_A_,0,0,train,1.0,0.2920517560073937,0,0,2,158,541
3NYC_A_,0,0,train,1.0,0.6036697247706422,2,2,2,329,545
3K9V_A_,0,0,train,1.0,0.5633528265107213,3,3,3,289,513
3CR3_ACBD_,0,0,train,1.0,0.31467181467181465,0,0,0,163,518
4Y9L_ACBD_,2,0,train,0.6809815950920245,0.6065573770491803,2,2,2,326,366
2HQ9_AB_,1,0,train,0.7857142857142857,0.7437722419928826,2,2,2,266,281
2HQ9_AB_,0,1,train,0.6795366795366795,0.7619047619047619,2,2,2,259,231
1X7D_AB_,1,0,train,0.9545454545454546,0.6116504854368932,4,4,4,264,412
1X7D_AB_,0,1,train,0.8023255813953488,0.6699029126213593,4,4,2,258,309
1DJL_AB_,1,0,train,0.9169960474308301,0.581453634085213,5,0,0,253,399
5X1Y_CB_,0,0,train,0.8571428571428571,0.6114649681528662,2,2,2,336,471
5YWD_B_,0,1,train,0.8666666666666667,0.5963302752293578,0,0,0,150,218
5FRD_A_,0,0,train,0.6097560975609756,0.5506607929515418,1,1,2,205,227
4BC9_CD_,0,0,train,1.0,0.380764163372859,2,2,2,289,759
5TVA_A_,0,0,train,0.9491525423728814,0.4007155635062612,1,1,2,236,559
4EHY_A_,0,0,train,1.0,0.3076923076923077,0,0,0,164,533
3GD3_A_,0,0,train,1.0,0.5169082125603864,2,2,2,321,621
1RJD_A_,0,0,train,1.0,0.3596330275229358,6,6,4,196,545
3I0O_A_,0,0,train,0.9918032786885246,0.3865814696485623,0,0,0,122,313
5C8T_AB_,0,0,train,0.9807692307692307,0.28598130841121494,6,6,2,156,535
5NFJ_A_,0,0,train,1.0,0.5652173913043478,6,6,6,195,345
1EQM_A_,0,0,train,0.9134615384615384,0.2278177458033573,0,6,6,104,417
5F5N_AB_,0,0,train,0.691304347826087,0.40458015267175573,4,5,2,230,393
6HFV_A_,0,0,train,1.0,0.7301980198019802,2,2,2,295,404
5O8I_AB_,0,0,train,1.0,0.5300751879699248,0,0,4,141,266
5EZ3_AB_,0,0,train,0.6911764705882353,0.7366771159874608,2,2,2,340,319
5EZ3_AB_,0,1,train,1.0,0.6351606805293005,2,2,2,336,529
4XZD_A_,0,0,train,0.9853658536585366,0.6755852842809364,3,3,3,205,299
2O28_AB_,0,0,train,0.6761904761904762,0.4092219020172911,1,1,1,210,347
5YF0_AB_,1,0,train,0.7926829268292683,0.4012345679012346,6,6,4,164,324
3ZBN_AB_,0,1,train,0.7777777777777778,0.47678018575851394,1,1,6,198,323
3OA0_ACBD_,3,0,train,0.6101694915254238,0.35207823960880197,4,4,2,236,409
2ZAO_A_,0,0,train,0.9934640522875817,0.5868725868725869,0,0,0,153,259
2GJ3_AB_,1,0,train,0.7659574468085106,0.8411214953271028,2,2,2,235,214
2GJ3_AB_,0,1,train,0.831858407079646,0.912621359223301,2,2,2,226,206
4RKN_ACB_,16,0,train,0.7154150197628458,0.7098039215686275,3,3,3,253,255
4RKN_ACB_,9,1,train,1.0,0.30013106159895153,3,2,2,229,763
4RKN_ACB_,15,2,train,1.0,0.34417344173441733,3,2,2,254,738
4RKN_ACB_,8,3,train,0.7170542635658915,0.6146179401993356,3,2,3,258,301
4RKN_ACB_,3,5,train,0.8735632183908046,0.36018957345971564,3,2,2,261,633
2E2Q_AB_,0,0,train,0.5087719298245614,0.29896907216494845,0,0,5,171,291
4U89_A_,0,0,train,0.6040816326530613,0.3978494623655914,1,1,1,245,372
4DSG_A_,0,0,train,0.7597402597402597,0.40414507772020725,2,2,2,308,579
3G5R_A_,0,0,train,0.9821428571428571,0.6840796019900498,2,2,2,280,402
3S6F_AB_,1,0,train,0.5329341317365269,0.24585635359116023,1,1,1,167,362
2ONF_AB_,0,0,train,0.6991150442477876,0.6929824561403509,1,1,4,226,228
4KUB_A_,0,0,train,0.9680365296803652,0.5183374083129584,1,1,2,219,409
3QCP_A_,0,0,train,1.0,0.4852459016393443,2,2,2,296,610
4FR0_A_,0,0,train,1.0,0.5955414012738853,6,6,6,187,314
6F3F_A_,0,0,train,1.0,0.30327868852459017,0,0,2,148,488
6F3Q_ACBD_,3,0,train,0.7873134328358209,0.5656836461126006,4,2,4,268,373
4NV7_A_,0,0,train,0.9830508474576272,0.5201793721973094,1,2,2,236,446
5FA8_A_,0,0,train,0.9709302325581395,0.6733870967741935,6,6,6,172,248
4DF3_A_,0,1,train,0.9611111111111111,0.7330508474576272,6,6,6,180,236
4GQK_A_,0,0,train,1.0,0.4140845070422535,0,0,1,147,355
3DXY_A_,0,0,train,0.968503937007874,0.39171974522292996,6,6,4,127,314
4IVM_B_,0,0,train,0.9931740614334471,0.4957410562180579,2,2,2,293,587
3R24_AB_,0,0,train,0.8351648351648352,0.5352112676056338,6,6,0,182,284
5M7P_AB_,0,0,train,1.0,0.20665742024965325,0,0,0,149,721
2B5O_A_,0,0,train,0.6729857819905213,0.46254071661237783,2,2,2,211,307
2ZTS_ACBEDF_,3,1,train,0.9767441860465116,0.49851632047477745,0,0,0,172,337
2CG5_AB_,0,0,train,1.0,0.3739495798319328,1,1,1,178,476
1QR0_A_,0,0,train,0.6149068322981367,0.375,1,1,1,161,264
3NIX_A_,0,0,train,0.9968354430379747,0.615234375,2,2,2,316,512
1HBI_AB_,1,0,train,0.9553264604810997,0.3559539052496799,3,3,3,291,781
5O1M_A_,0,0,train,1.0,0.5222816399286988,3,0,2,293,561
1OR6_AB_,0,0,train,1.0,0.6541554959785523,3,3,3,244,373
1OR6_AB_,0,1,train,0.8171206225680934,0.860655737704918,3,3,3,257,244
2AKO_AB_,1,0,train,0.975609756097561,0.8,0,0,0,164,200
1NY5_AB_,0,0,train,1.0,0.6124031007751938,0,0,0,158,258
1NY5_AB_,0,1,train,1.0,0.5226586102719033,0,4,4,173,331
1S5K_AB_,1,0,train,0.9292035398230089,0.6,1,1,1,226,350
5DMH_A_,0,0,train,1.0,0.3861788617886179,0,0,0,190,492
3PVC_A_,0,0,train,0.9938837920489296,0.5310457516339869,2,2,2,327,612
5MSU_C_,0,0,train,1.0,0.4709193245778612,5,5,1,251,533
2A5F_AB_,0,0,train,0.9468599033816425,0.5171503957783641,4,4,4,207,379
2R3A_A_,0,0,train,1.0,0.4385026737967914,6,6,6,164,374
1CJC_A_,0,0,train,0.9911242603550295,0.5537190082644629,2,2,2,338,605
6BC3_A_,0,0,train,0.6666666666666666,0.33157894736842103,1,1,4,189,380
4RZ3_AB_,1,0,train,0.9757575757575757,0.16495901639344263,0,0,0,165,976
4KXF_K_,0,0,train,0.9811320754716981,0.35214446952595935,0,0,2,159,443
5I39_A_,0,0,train,0.9936708860759493,0.5395189003436426,2,2,2,316,582
1PUA_AB_,0,0,train,0.9795918367346939,0.5853658536585366,1,1,1,196,328
4EHT_AB_,0,0,train,0.9937888198757764,0.37735849056603776,0,0,0,161,424
2UXW_AB_,1,0,train,0.541795665634675,0.6118881118881119,2,2,2,323,286
4ZVA_AB_,1,0,train,0.9518072289156626,0.8943396226415095,3,3,3,249,265
4ZVA_AB_,0,1,train,0.8346456692913385,0.9177489177489178,3,3,3,254,231
2V1X_A_,0,0,train,0.9421487603305785,0.2375,0,0,0,121,480
3AYG_A_,0,0,train,1.0,0.44660194174757284,3,3,3,276,618
2PV7_AB_,0,0,train,0.5849802371541502,0.3231441048034934,4,4,4,253,458
3DY5_A_,0,0,train,1.0,0.6105032822757112,3,3,3,279,457
3ALM_A_,0,0,train,0.7097902097902098,0.3677536231884058,2,2,2,286,552
2FYK_AB_,0,0,train,0.8636363636363636,0.2602739726027397,0,0,2,132,438
5EFQ_AB_,0,0,train,1.0,0.5244755244755245,0,0,0,150,286
2D0W_A_,0,0,train,0.988,0.6569148936170213,3,3,3,250,376
4UOH_ACBEDF_,3,0,train,0.7111111111111111,0.6620689655172414,0,0,0,135,145
4RVD_A_,0,0,train,0.8967391304347826,0.296229802513465,6,6,0,184,557
1KRH_A_,0,0,train,0.9178082191780822,0.4652777777777778,2,4,4,219,432
3SXJ_A_,0,0,train,0.9090909090909091,0.3368421052631579,6,6,6,176,475
1FNN_A_,0,0,train,0.9726027397260274,0.4152046783625731,0,0,2,146,342
6BVC_AB_,1,0,train,1.0,0.6246418338108882,1,1,1,218,349
5WX3_AC_,0,0,train,0.7635658914728682,0.7216117216117216,1,1,1,258,273
3E1T_A_,0,0,train,1.0,0.6349514563106796,2,2,2,327,515
4LV5_AB_,0,0,train,1.0,0.369727047146402,0,0,2,149,403
3GYX_AB_,0,0,train,1.0,0.7017543859649122,2,2,2,320,456
2VXK_AB_,0,0,train,0.8698224852071006,0.5975609756097561,1,1,1,169,246
4KQW_AB_,0,0,train,0.7575757575757576,0.5116959064327485,5,4,4,231,342
3G6K_A_,0,0,train,0.9111111111111111,0.5380577427821522,2,0,0,225,381
2ZFI_A_,0,0,train,0.9747899159663865,0.38666666666666666,0,0,0,119,300
5EOW_A_,0,0,train,0.7013888888888888,0.3441226575809199,2,2,2,288,587
3ARL_A_,0,0,train,0.995850622406639,0.7667731629392971,3,3,3,241,313
4KEC_A_,0,0,train,0.5300546448087432,0.22247706422018348,1,1,2,183,436
1H9G_AB_,0,0,train,0.6111111111111112,0.5469613259668509,1,1,3,162,181
3HCO_AB_,0,0,train,0.9510204081632653,0.6638176638176638,3,3,3,245,351
3HCO_AB_,0,1,train,0.9958333333333333,0.5676959619952494,3,3,3,240,421
2V2Z_A_,0,0,train,1.0,0.3249370277078086,0,0,2,129,397
4JOU_A_,0,0,train,0.9897959183673469,0.5739644970414202,3,2,1,196,338
4CZL_A_,0,0,train,0.9823529411764705,0.3217726396917148,0,0,4,170,519
3AYI_AB_,1,0,train,1.0,0.7494199535962877,2,2,2,323,431
3AYI_AB_,0,1,train,0.949685534591195,0.6696230598669624,2,2,2,318,451
2D0U_A_,0,0,train,1.0,0.5949074074074074,3,3,3,257,432
2HJ3_AB_,0,0,train,0.5661016949152542,0.7625570776255708,2,2,0,295,219
2HJ3_AB_,0,1,train,0.7153284671532847,0.6182965299684543,2,2,3,274,317
4IX6_AB_,1,0,train,1.0,0.29015544041450775,0,0,0,112,386
2XRY_A_,0,1,train,0.9879518072289156,0.6089108910891089,2,2,2,249,404
1NB9_A_,0,0,train,0.9883040935672515,0.38672768878718533,0,0,0,171,437
3GWL_AB_,0,0,train,0.7198581560283688,0.7198581560283688,2,2,1,282,282
2GKS_AB_,2,0,train,1.0,0.5114754098360655,0,2,2,156,305
2GKS_AB_,1,1,train,1.0,0.4507462686567164,0,3,0,151,335
4AZW_A_,0,0,train,0.9096045197740112,0.602996254681648,6,6,6,177,267
4O8A_A_,0,0,train,0.9782608695652174,0.5793991416309013,2,2,2,276,466
5MJH_AB_,0,0,train,0.9964028776978417,0.7426273458445041,3,0,2,278,373
5MJH_AB_,0,1,train,1.0,0.6080178173719376,3,0,2,273,449
1RSG_AB_,0,0,train,0.9971014492753624,0.6045694200351494,2,2,2,345,569
1RSG_AB_,0,1,train,1.0,0.5899653979238755,2,2,2,341,578
4QDJ_A_,0,0,train,0.9902439024390244,0.5501355013550135,6,6,4,205,369
2CUL_A_,0,0,train,0.952054794520548,0.6480186480186481,2,2,2,292,429
5LOA_AB_,1,0,train,0.9823008849557522,0.3563402889245586,5,5,5,226,623
5V1T_AB_,0,0,train,1.0,0.37844611528822053,6,6,6,151,399
1GZF_A_,0,0,train,0.9955555555555555,0.5818181818181818,4,4,2,225,385
3C7C_B_,0,0,train,0.7881773399014779,0.6837606837606838,4,4,4,203,234
3FBS_AC_,0,0,train,0.9657142857142857,0.5709459459459459,2,2,2,350,592
2CZS_A_,0,0,train,0.9330357142857143,0.5225,3,3,3,224,400
3E18_AB_,1,0,train,0.7489711934156379,0.5083798882681564,4,4,4,243,358
1U3G_A_,0,0,train,0.7555555555555555,0.2756756756756757,0,0,0,135,370
5ZGS_A_,0,0,train,0.9877551020408163,0.5238095238095238,3,3,3,245,462
1CNE_A_,0,0,train,0.6755555555555556,0.4735202492211838,2,2,2,225,321
2QRC_ABG_,0,0,train,1.0,0.26887661141804786,0,0,4,146,543
4F9A_AB_,0,0,train,1.0,0.47384615384615386,0,0,6,154,325
5OC2_A_,0,0,train,1.0,0.5479204339963833,2,2,2,303,553
3RFA_B_,0,0,train,1.0,0.32142857142857145,6,6,2,153,476
1A59_AB_,1,0,train,0.7808988764044944,0.5054545454545455,1,1,2,178,275
1A59_AB_,0,1,train,0.603448275862069,0.5198019801980198,1,5,0,174,202
2Q7A_A_,1,0,train,0.9653465346534653,0.8024691358024691,3,6,6,202,243
4DJA_A_,0,0,train,0.9964285714285714,0.6771844660194175,2,2,2,280,412
1L8Q_A_,0,0,train,1.0,0.4,0,0,1,138,345
2CGJ_A_,0,0,train,0.9849624060150376,0.2984054669703872,0,0,4,133,439
5JRX_A_,0,0,train,1.0,0.8126721763085399,3,3,3,295,363
2PO0_ACBEDF_,2,0,train,0.849624060150376,0.4185185185185185,0,0,0,133,270
1GC5_A_,0,0,train,0.5299145299145299,0.16847826086956522,0,0,4,117,368
5OHF_AB_,1,0,train,0.9779735682819384,0.7326732673267327,3,3,3,227,303
1ZBQ_AB_,0,0,train,1.0,0.5277777777777778,4,2,2,266,504
5NAH_A_,0,0,train,0.9739776951672863,0.4125984251968504,2,2,2,269,635
2VFS_A_,0,0,train,1.0,0.6242774566473989,2,2,2,324,519
4FAK_AB_,1,0,train,0.9939759036144579,0.7051282051282052,6,6,0,166,234
1X1A_A_,0,0,train,1.0,0.2556732223903177,6,6,6,169,661
1D7D_AB_,1,0,train,0.975,0.8297872340425532,3,3,3,240,282
2Q8Q_A_,0,0,train,0.9608695652173913,0.5274463007159904,3,2,4,230,419
3LNB_A_,0,0,train,0.8106796116504854,0.4757834757834758,1,1,2,206,351
3ZDF_CB_,0,0,train,0.9083665338645418,0.5415676959619953,4,4,4,251,421
3FPJ_AB_,1,0,train,0.5508982035928144,0.3865546218487395,6,6,2,167,238
3IV6_A_,0,0,train,1.0,0.44042553191489364,6,6,2,207,470
4R1Z_A_,0,0,train,1.0,0.43234323432343236,3,3,3,262,606
5Y6Q_ACB_,0,0,train,1.0,0.6652977412731006,2,2,2,324,487
3FWR_AB_,0,0,train,0.8376623376623377,0.2,0,0,0,154,645
6BXL_AB_,1,0,train,0.9389312977099237,0.35446685878962536,6,0,2,131,347
2O0J_A_,0,0,train,0.638095238095238,0.20180722891566266,0,0,3,105,332
2CNT_A_,0,0,train,0.9545454545454546,0.410958904109589,1,1,1,220,511
1L0O_ACB_,0,0,train,1.0,0.48314606741573035,0,0,6,172,356
1L0O_ACB_,0,1,train,1.0,0.37389380530973454,0,0,0,169,452
1IVJ_A_,0,0,train,0.9327354260089686,0.5925925925925926,3,3,3,223,351
5N1T_ABMW_,0,0,train,0.7857142857142857,0.6157760814249363,2,2,2,308,393
1Z2O_X_,0,0,train,1.0,0.5275080906148867,0,6,0,163,309
3ZH0_AB_,1,0,train,1.0,0.7690140845070422,3,3,3,273,355
3ZH0_AB_,0,1,train,1.0,0.7793296089385475,3,3,3,279,358
4NL5_AB_,1,0,train,0.9820627802690582,0.6311239193083573,3,3,3,223,347
5D4N_ACB_,0,0,train,1.0,0.6706827309236948,0,0,0,167,249
4U6S_AB_,1,0,train,0.6443514644351465,0.5811320754716981,4,2,2,239,265
4U9W_AF_,0,0,train,0.9742489270386266,0.6236263736263736,1,1,1,233,364
4Z25_AC_,1,0,train,0.6205882352941177,0.6080691642651297,2,2,2,340,347
1YRE_AB_,1,1,train,0.7899543378995434,0.565359477124183,1,1,2,219,306
1JL6_A_,0,0,train,1.0,0.6840659340659341,3,3,3,249,364
3LTB_AB_,1,0,train,0.8363636363636363,0.7131782945736435,0,1,0,110,129
4C44_AB_,1,0,train,0.989010989010989,0.8653846153846154,3,3,3,273,312
4C44_AB_,0,1,train,0.9962264150943396,0.8275862068965517,3,3,3,265,319
3EC6_AB_,0,0,train,0.7767857142857143,0.48333333333333334,2,4,4,224,360
3EC6_AB_,0,1,train,0.5656108597285068,0.5630630630630631,2,4,4,221,222
2WLE_ACB_,1,0,train,0.9471544715447154,0.706060606060606,1,1,1,246,330
4HSE_A_,0,0,train,0.9848484848484849,0.5349794238683128,0,0,0,132,243
1TC6_AB_,0,0,train,0.9603174603174603,0.5960591133004927,0,0,0,126,203
1TC6_AB_,0,1,train,0.9754098360655737,0.46484375,0,0,1,122,256
3KFT_A_,0,0,train,0.9135802469135802,0.19023136246786632,4,2,2,81,389
3FBU_ACBD_,0,0,train,0.9923076923076923,0.4673913043478261,1,1,1,260,552
4YMI_AB_,1,0,train,0.6504424778761062,0.5787401574803149,5,2,5,226,254
6ESD_AB_,1,0,train,0.8544303797468354,0.46956521739130436,2,2,2,316,575
2HKX_AB_,0,0,train,1.0,0.6804123711340206,3,3,3,264,388
2O7S_A_,0,0,train,0.966542750929368,0.6004618937644342,5,5,5,269,433
3UHA_AB_,0,0,train,0.7675438596491229,0.4820936639118457,4,4,5,228,363
6GNF_A_,0,0,train,1.0,0.3,0,0,2,162,540
4YDU_AC_,0,0,train,1.0,0.37176470588235294,0,0,1,158,425
2AF4_CD_,1,0,train,0.5422885572139303,0.47391304347826085,1,0,0,201,230
2WTG_AB_,1,0,train,0.6619718309859155,0.7866108786610879,3,3,3,284,239
3IA8_A_,0,0,train,0.9560975609756097,0.5,3,3,2,205,392
4YIX_AB_,0,0,train,1.0,0.3897058823529412,0,0,0,159,408
2B25_A_,0,0,train,1.0,0.5073313782991202,6,6,6,173,341
4AT2_AB_,0,0,train,1.0,0.5533088235294118,2,2,2,301,544
4AT2_AB_,0,1,train,1.0,0.581081081081081,2,2,2,301,518
4N67_A_,0,0,train,1.0,0.39886039886039887,0,6,2,140,351
5TQM_A_,0,0,train,0.9587155963302753,0.4146825396825397,5,5,5,218,504
3PDT_A_,0,0,train,1.0,0.38961038961038963,0,0,0,150,385
1EYS_HCML_,2,0,train,1.0,0.41606886657101866,3,3,3,290,697
3TRI_AB_,0,0,train,0.525691699604743,0.4290322580645161,5,5,5,253,310
3UAG_A_,0,0,train,0.9382716049382716,0.23384615384615384,0,0,0,162,650
1QHU_A_,0,0,train,0.8333333333333334,0.7603686635944701,3,3,3,198,217
4ZQG_AB_,1,0,train,1.0,0.47731755424063116,4,4,4,242,507
2VRB_AB_,1,0,train,0.5520361990950227,0.3652694610778443,5,5,1,221,334
6ERC_A_,0,0,train,1.0,0.5038910505836576,3,3,2,259,514
2F8L_A_,0,1,train,0.8238341968911918,0.5867158671586716,6,6,6,193,271
3BWM_A_,0,0,train,1.0,0.5251396648044693,6,6,6,188,358
4OZJ_ACB_,0,0,train,0.5527950310559007,0.4972067039106145,0,0,0,161,179
4OZJ_ACB_,0,1,train,0.8607594936708861,0.5862068965517241,0,0,1,158,232
1IDR_AB_,0,0,train,0.5907335907335908,0.7766497461928934,3,3,3,259,197
1IDR_AB_,0,1,train,0.9850187265917603,0.7492877492877493,3,3,3,267,351
1OHB_AB_,0,0,train,0.6326530612244898,0.19808306709265175,0,0,2,98,313
4RS2_A_,0,0,train,0.8082901554404145,0.43575418994413406,1,1,1,193,358
1SQF_A_,0,0,train,0.5568862275449101,0.28353658536585363,6,6,1,167,328
2JI7_ACBD_,2,0,train,0.6923076923076923,0.2422360248447205,0,0,2,169,483
2JI7_ACBD_,2,1,train,0.5515151515151515,0.2791411042944785,0,0,2,165,326
3CQV_A_,0,0,train,0.9735849056603774,0.5443037974683544,3,3,3,265,474
4FZV_AB_,0,0,train,0.8606060606060606,0.2892057026476578,6,6,2,165,491
5BQ5_A_,0,0,train,1.0,0.5208333333333334,0,0,0,150,288
4WDT_A_,0,0,train,0.7379032258064516,0.38125,5,2,2,248,480
4QI4_A_,0,0,train,1.0,0.5238907849829352,2,2,2,307,586
4HB9_A_,0,0,train,0.7527272727272727,0.44136460554371004,2,2,2,275,469
1LJ8_A_,0,0,train,1.0,0.4942263279445728,4,4,2,214,433
2FSN_A_,0,0,train,0.916083916083916,0.279317697228145,0,0,0,143,469
4GI2_AC_,0,0,train,0.5361702127659574,0.5478260869565217,5,5,2,235,230
4GI2_AC_,0,1,train,0.5564853556485355,0.5277777777777778,5,5,2,239,252
2B9I_AC_,0,0,train,1.0,0.46905537459283386,0,0,0,144,307
5N1U_A_,0,0,train,0.9915611814345991,0.5292792792792793,1,1,1,237,444
2VUU_AI_,0,0,train,0.7047619047619048,0.5285714285714286,5,5,2,210,280
3GYQ_AB_,1,0,train,0.7988165680473372,0.7377049180327869,6,6,6,169,183
2YYY_AB_,1,0,train,0.5510204081632653,0.3994082840236686,5,0,5,245,338
4TXK_A_,0,0,train,1.0,0.5571955719557196,2,2,2,302,542
3FY4_A_,0,0,train,1.0,0.6466809421841542,2,2,2,302,467
2EJT_A_,0,0,train,0.9759036144578314,0.453781512605042,6,6,6,166,357
2D38_AB_,0,0,train,0.9613259668508287,0.45789473684210524,5,5,5,181,380
3V1U_AB_,0,0,train,0.8455284552845529,0.7272727272727273,4,4,5,246,286
5FG8_AB_,0,0,train,1.0,0.31379962192816635,0,0,0,166,529
2V7L_A_,0,0,train,1.0,0.5228628230616302,3,3,3,263,503
1NUU_ACBD_,2,0,train,0.7327935222672065,0.44471744471744473,4,4,2,247,407
5ECX_AB_,0,0,train,0.6305970149253731,0.3353174603174603,5,1,1,268,504
1QAO_A_,0,1,train,1.0,0.5896656534954408,6,6,6,194,329
1V2X_AB_,1,0,train,1.0,0.5232558139534884,6,6,1,180,344
3QJ4_A_,0,0,train,1.0,0.514018691588785,2,2,2,330,642
3VLI_AB_,1,0,train,1.0,0.5127701375245579,3,3,3,261,509
3VLI_AB_,0,1,train,1.0,0.6059225512528473,3,3,3,266,439
2IG3_A_,0,0,train,1.0,0.712,3,3,3,267,375
2QPP_AB_,0,0,train,0.558974358974359,0.4448979591836735,3,3,3,195,245
2QPP_AB_,0,1,train,0.9847715736040609,0.4024896265560166,3,3,1,197,482
4FDA_AB_,0,0,train,0.7439613526570048,0.6015625,5,5,5,207,256
4FFO_A_,0,0,train,0.8023952095808383,0.24860853432282004,0,0,0,167,539
4XT8_AB_,0,0,train,0.624,0.39195979899497485,5,5,4,250,398
4XT8_AB_,0,1,train,0.5020408163265306,0.40863787375415284,5,5,4,245,301
3QZY_AB_,0,0,train,0.6720647773279352,0.6384615384615384,2,2,1,247,260
2NPN_A_,0,0,train,1.0,0.3482587064676617,6,6,4,140,402
3OKX_AB_,1,0,train,0.9947643979057592,0.5621301775147929,6,2,2,191,338
3DDD_A_,0,0,train,0.7016806722689075,0.26677316293929715,1,1,5,238,626
3KAL_AB_,1,0,train,0.9806451612903225,0.2846441947565543,0,0,0,155,534
3P2K_A_,0,0,train,1.0,0.5569620253164557,6,6,4,176,316
6C12_BD_,0,0,train,0.9724137931034482,0.7704918032786885,2,2,2,290,366
1N71_AB_,0,0,train,0.7254098360655737,0.44029850746268656,1,1,1,244,402
4L1Y_A_,0,0,train,1.0,0.6057906458797327,3,3,3,272,449
2EU7_X_,0,0,train,1.0,0.599483204134367,3,3,3,232,387
4DTW_B_,0,0,train,1.0,0.581532416502947,3,3,3,296,509
5XWW_AB_,1,0,train,0.9737827715355806,0.5450733752620545,5,5,5,267,477
5XWW_AB_,0,1,train,1.0,0.5180265654648957,5,5,5,273,527
3H8T_ACBD_,3,0,train,0.6008583690987125,0.29473684210526313,3,3,3,233,475
3GYA_A_,0,0,train,0.7687861271676301,0.340153452685422,1,1,1,173,391
2V3K_A_,0,0,train,1.0,0.4536741214057508,6,6,2,142,313
1Z45_AB_,1,0,train,1.0,0.51953125,4,2,2,266,512
1Z45_AB_,0,1,train,0.5955056179775281,0.7871287128712872,4,2,2,267,202
5WGG_AB_,0,0,train,0.9887640449438202,0.24043715846994534,6,6,2,178,732
1EJ2_A_,0,0,train,1.0,0.5369565217391304,4,4,2,247,460
2RK2_ACBD_,2,0,train,0.7023809523809523,0.2796208530805687,5,5,4,168,422
6BDM_AB_,1,0,train,0.7052238805970149,0.2962382445141066,3,3,3,268,638
3UNG_C_,0,1,train,1.0,0.4681818181818182,0,0,0,103,220
5UBB_AB_,0,0,train,1.0,0.48984771573604063,6,6,6,193,394
4CNZ_ACB_,2,0,train,1.0,0.6035714285714285,0,2,2,169,280
1JWY_A_,0,0,train,0.5578231292517006,0.23098591549295774,0,0,0,147,355
2YJZ_A_,0,0,train,0.966824644549763,0.6868686868686869,5,5,5,211,297
2X3N_A_,0,0,train,0.7739463601532567,0.46867749419953597,2,2,2,261,431
3KB1_AB_,1,0,train,1.0,0.28893905191873587,0,0,0,128,443
5A8A_A_,0,0,train,0.9938271604938271,0.312621359223301,0,0,4,162,515
2Y79_AB_,1,0,train,1.0,0.7576601671309192,3,3,3,272,359
4YNP_A_,0,0,train,1.0,0.40186915887850466,6,6,6,172,428
5T57_AB_,1,0,train,0.5418502202643172,0.35344827586206895,4,4,4,227,348
3LLI_A_,0,0,train,0.896551724137931,0.5276752767527675,2,2,2,319,542
3LCV_B_,0,0,train,1.0,0.6144578313253012,6,6,6,204,332
1NW3_A_,0,0,train,1.0,0.4613583138173302,6,6,4,197,427
4XCK_AB_,0,0,train,1.0,0.3131991051454139,0,0,4,140,447
5JPH_ACB_,3,0,train,0.8199052132701422,0.3793859649122807,1,1,1,211,456
4U99_A_,0,0,train,1.0,0.7146401985111662,3,3,3,288,403
3E2C_AB_,0,0,train,0.9770114942528736,0.7478005865102639,3,3,3,261,341
2VQ3_AB_,0,0,train,0.9573643410852714,0.7180232558139535,5,5,5,258,344
1D2V_ACBD_,0,0,train,0.995475113122172,0.5445544554455446,3,3,0,221,404
3X35_A_,0,0,train,0.9868421052631579,0.6338028169014085,3,3,3,228,355
2ZPA_A_,0,0,train,0.9930555555555556,0.27032136105860116,0,0,0,144,529
1USF_AB_,0,0,train,0.9090909090909091,0.23333333333333334,5,5,2,77,300
3ENK_AB_,1,0,train,0.6842105263157895,0.3100511073253833,4,2,2,266,587
5L3K_ACBD_,3,1,train,1.0,0.2859848484848485,0,2,0,151,528
5L3K_ACBD_,1,2,train,0.810126582278481,0.512,0,4,2,158,250
3AKC_A_,0,0,train,1.0,0.29350104821802936,0,0,0,140,477
1F0X_A_,0,0,train,0.825938566552901,0.555045871559633,2,2,2,293,436
1NW5_A_,0,1,train,0.9942196531791907,0.5714285714285714,6,6,6,173,301
5FYG_A_,0,0,train,0.9823943661971831,0.5375722543352601,3,3,3,284,519
3CP8_AB_,0,0,train,0.8283828382838284,0.6820652173913043,2,2,2,303,368
3CP8_AB_,0,1,train,0.9905660377358491,0.5887850467289719,2,2,2,318,535
2HYD_AB_,0,0,train,0.7651006711409396,0.3944636678200692,0,0,0,149,289
2HYD_AB_,0,1,train,0.9857142857142858,0.3760217983651226,0,0,0,140,367
2H21_A_,0,0,train,1.0,0.3370288248337029,6,6,6,152,451
4D7E_BD_,0,0,train,1.0,0.5930470347648262,2,2,2,290,489
4O5Q_AB_,0,0,train,0.6064516129032258,0.9494949494949495,2,2,2,310,198
4O5Q_AB_,0,1,train,0.9805194805194806,0.7023255813953488,2,2,2,308,430
3L86_A_,0,0,train,0.5772357723577236,0.24067796610169492,0,0,2,123,295
4DQK_A_,0,0,train,0.7056603773584905,0.5123287671232877,2,2,5,265,365
4LG1_ACB_,1,0,train,0.9731182795698925,0.6510791366906474,6,6,6,186,278
1UAK_AB_,0,0,train,0.8923076923076924,0.8405797101449275,6,6,6,195,207
1UAK_AB_,0,1,train,0.994535519125683,0.5909090909090909,6,6,6,183,308
6BME_A_,0,0,train,0.9389312977099237,0.8145695364238411,3,3,3,262,302
6F73_A_,0,0,train,0.96,0.5284403669724771,2,2,6,300,545
3D36_ACB_,0,0,train,1.0,0.3597285067873303,0,0,1,159,442
3QDQ_A_,0,0,train,0.7681818181818182,0.5847750865051903,1,1,4,220,289
2QX4_AB_,1,0,train,0.7756653992395437,0.46788990825688076,2,2,2,263,436
3QB8_A_,0,0,train,0.7877358490566038,0.41959798994974873,1,1,1,212,398
4N6B_AED_,2,0,train,0.5588235294117647,0.06968215158924206,1,1,4,204,1636
4GP6_ACBD_,3,1,train,0.6018518518518519,0.24253731343283583,0,0,0,108,268
3OZ2_A_,0,0,train,0.9337539432176656,0.3486454652532391,2,2,2,317,849
2W58_AB_,0,0,train,0.9736842105263158,0.2810126582278481,0,0,0,114,395
2VWH_AB_,1,0,train,0.8225806451612904,0.4766355140186916,5,4,4,248,428
2VWH_AB_,0,1,train,0.6612903225806451,0.47262247838616717,5,4,0,248,347
1MO3_A_,0,0,train,0.967479674796748,0.4576923076923077,0,0,0,123,260
2QIR_A_,0,0,train,0.8977272727272727,0.5563380281690141,1,1,1,264,426
1F48_A_,1,0,train,0.9090909090909091,0.21702838063439064,0,0,2,143,599
4S1H_AB_,0,0,train,1.0,0.31274900398406374,0,0,0,157,502
1HJO_A_,0,0,train,1.0,0.3063583815028902,0,0,0,159,519
3HFW_A_,0,0,train,1.0,0.4913494809688581,0,0,0,142,289
5UME_AD_,1,0,test,1.0,0.52046783625731,2,2,2,267,513
3R9G_A_,0,0,test,0.868995633187773,0.38269230769230766,1,5,2,229,520
5MOG_ACBED_,0,0,test,0.6114457831325302,0.42379958246346555,2,2,3,332,479
5UHW_AB_,0,0,test,0.7108433734939759,0.4338235294117647,4,4,4,249,408
5H5F_A_,0,0,test,1.0,0.532258064516129,6,6,6,198,372
4IFX_A_,0,0,test,0.988,0.5092783505154639,2,0,4,250,485
1DLY_A_,0,0,test,0.9734848484848485,0.611904761904762,3,3,3,264,420
2RCH_A_,0,0,test,1.0,0.5573122529644269,3,3,3,282,506
4OBW_AB_,0,0,test,0.9744897959183674,0.4961038961038961,6,6,6,196,385
4OBW_AB_,0,1,test,1.0,0.5628930817610063,6,6,6,179,318
3FYH_A_,0,0,test,0.6822429906542056,0.3427230046948357,0,0,0,107,213
2R46_A_,0,0,test,0.9903536977491961,0.5133333333333333,2,2,2,311,600
3P3I_AB_,0,0,test,0.8023255813953488,0.372972972972973,1,1,6,86,185
2FK8_A_,0,0,test,1.0,0.3890020366598778,6,6,6,191,491
1CIV_AB_,1,0,test,0.8423236514522822,0.6041666666666666,5,2,4,241,336
1CIV_AB_,0,1,test,0.9205020920502092,0.6214689265536724,5,2,5,239,354
4PL1_B_,0,0,test,1.0,0.2762237762237762,6,6,2,158,572
1H84_AB_,1,0,test,0.9801136363636364,0.8353510895883777,2,2,2,352,413
1H84_AB_,0,1,test,1.0,0.8062953995157385,2,2,2,333,413
1Z6T_A_,0,0,test,1.0,0.3389121338912134,0,0,6,162,478
4AM7_A_,0,0,test,0.7647058823529411,0.4090909090909091,0,0,0,153,286
5YB6_AC_,0,0,test,0.9742857142857143,0.7893518518518519,2,2,2,350,432
4UAJ_A_,0,0,test,0.717391304347826,0.336734693877551,2,2,2,230,490
2O6P_A_,0,0,test,0.9835164835164835,0.7850877192982456,3,3,3,182,228
4QTU_AB_,0,0,test,0.9484536082474226,0.4423076923076923,6,6,2,194,416
5BU2_A_,1,0,test,1.0,0.2672413793103448,0,2,1,124,464
5VHD_D_,0,0,test,1.0,0.49074074074074076,0,0,0,159,324
4D86_A_,1,0,test,1.0,0.4781491002570694,0,4,5,186,389
4X8Y_AC_,0,0,test,0.9554140127388535,0.45180722891566266,3,3,3,157,332
2I5B_AB_,0,0,test,0.7093023255813954,0.2772727272727273,0,0,1,172,440
2ADM_A_,0,0,test,0.5705521472392638,0.6413793103448275,6,6,4,163,145
4E03_A_,0,0,test,1.0,0.42662116040955633,0,0,0,125,293
1H1O_A_,1,0,test,0.9075342465753424,0.48623853211009177,3,3,3,292,545
4O27_ACB_,0,0,test,1.0,0.39263803680981596,0,0,0,128,326
5HH1_AB_,0,0,test,0.9315068493150684,0.4646924829157175,1,1,1,219,439
3B47_AB_,1,0,test,0.7578947368421053,0.582995951417004,3,3,3,190,247
2QEN_A_,0,0,test,1.0,0.42777777777777776,0,0,0,154,360
2Z4S_A_,0,0,test,1.0,0.4110787172011662,0,0,0,141,343
5GLG_A_,0,0,test,1.0,0.6814345991561181,2,2,2,323,474
2CTS_AB_,0,0,test,0.8247863247863247,0.5302197802197802,1,5,2,234,364
3IHG_A_,0,0,test,0.7601626016260162,0.3101160862354892,2,2,2,246,603
3VMM_A_,0,0,test,0.6144578313253012,0.20773930753564154,0,0,4,166,491
2YUT_AB_,0,0,test,0.9679715302491103,0.7816091954022989,5,5,5,281,348
2YUT_AB_,0,1,test,0.9965397923875432,0.6329670329670329,5,5,1,289,455
3FZG_A_,0,0,test,0.9883040935672515,0.569023569023569,6,6,6,171,297
5GT9_AB_,0,0,test,1.0,0.4375,5,5,5,224,512
5KVA_AB_,1,0,test,0.6685393258426966,0.363914373088685,6,6,0,178,327
4NXU_A_,0,0,test,0.9647887323943662,0.3293269230769231,0,0,0,142,416
3G15_AB_,0,0,test,0.9862068965517241,0.5238095238095238,0,0,0,145,273
2FJE_ACBD_,0,0,test,0.7522388059701492,0.39436619718309857,2,2,2,335,639
5IFS_ACBD_,0,0,test,0.9640287769784173,0.6090909090909091,0,0,0,139,220
3E2N_A_,0,0,test,1.0,0.5245614035087719,3,3,2,299,570
4CDP_A_,0,0,test,0.9468085106382979,0.3655030800821355,3,3,2,188,487
3VO2_A_,0,0,test,0.8428571428571429,0.45038167938931295,2,2,2,210,393
5W8A_A_,0,0,test,0.9367088607594937,0.3135593220338983,6,4,2,158,472
3RP7_A_,0,0,test,0.6875,0.3785425101214575,2,2,2,272,494
3EEY_AC_,1,0,test,0.9802955665024631,0.7107142857142857,6,6,4,203,280
3EEY_AC_,0,1,test,0.8888888888888888,0.8,6,6,4,198,220
3E2R_AB_,1,0,test,0.9925373134328358,0.5833333333333334,2,2,2,268,456
3E2R_AB_,0,1,test,1.0,0.5708245243128964,2,2,2,270,473
5U25_AB_,0,0,test,0.9285714285714286,0.5684410646387833,2,2,2,322,526
5U25_AB_,0,1,test,0.9744408945686901,0.3793532338308458,2,2,2,313,804
4DCM_A_,0,0,test,0.7931034482758621,0.6764705882352942,6,6,6,174,204
2HMY_B_,0,0,test,0.9821428571428571,0.5205047318611987,6,6,6,168,317
5KPC_AB_,1,0,test,0.8142857142857143,0.2835820895522388,6,6,6,140,402
6CR0_A_,0,0,test,1.0,0.6989473684210527,2,2,2,332,475
1IN5_A_,0,0,test,1.0,0.5423728813559322,0,0,0,160,295
1K3D_A_,0,0,test,0.8089171974522293,0.3167082294264339,0,0,0,157,401
3HZL_A_,0,0,test,0.9935897435897436,0.48589341692789967,2,2,2,312,638
3TFG_A_,0,0,test,1.0,0.8328611898016998,3,3,3,294,353
3U9Z_AC_,0,0,test,1.0,0.33403805496828753,0,0,2,158,473
2C54_AB_,0,0,test,0.768,0.3386243386243386,4,4,2,250,567
2C54_AB_,0,1,test,0.680161943319838,0.5045045045045045,4,2,2,247,333
2YDX_BF_,1,0,test,0.9384615384615385,0.6437994722955145,5,1,1,260,379
2YDX_BF_,0,1,test,0.8438661710037175,0.5230414746543779,5,1,1,269,434
5T5T_ACB_,0,0,test,0.9933774834437086,0.2824858757062147,0,0,0,151,531
1QV6_AB_,0,0,test,0.951417004048583,0.5340909090909091,4,4,1,247,440
4FRY_AB_,0,0,test,0.99581589958159,0.31151832460732987,4,5,5,239,764
3A1D_AB_,0,0,test,1.0,0.37585421412300685,0,0,0,165,439
5FSX_A_,0,0,test,0.9937106918238994,0.4450704225352113,0,4,4,159,355
3PFG_AB_,0,0,test,0.576530612244898,0.289002557544757,6,6,4,196,391
1MBT_A_,0,0,test,0.9968652037617555,0.4781954887218045,2,2,2,319,665
5NKV_AB_,0,0,test,0.6353790613718412,0.6263345195729537,3,3,3,277,281
5NKV_AB_,0,1,test,1.0,0.5618661257606491,3,3,3,277,493
2NOX_ACBD_,0,0,test,1.0,0.6495327102803738,3,3,2,278,428
4EFH_AB_,0,0,test,1.0,0.3693304535637149,0,0,5,171,463
5K8C_AB_,0,0,test,0.7883817427385892,0.3525046382189239,4,4,4,241,539
4R29_A_,0,0,test,1.0,0.44537815126050423,6,6,2,159,357
4NWZ_AB_,0,0,test,0.9967105263157895,0.5260416666666666,2,2,2,304,576
2PDR_A_,0,0,test,0.9664179104477612,0.6744791666666666,2,2,2,268,384
5TUM_A_,0,0,test,1.0,0.44651162790697674,2,4,4,288,645
3NE7_A_,0,0,test,0.9763779527559056,0.6246851385390428,1,1,1,254,397
1W2D_A_,0,0,test,0.9852941176470589,0.5403225806451613,0,0,1,136,248
3Q9N_AC_,0,0,test,0.8387096774193549,0.39543726235741444,1,1,1,248,526
3Q87_AB_,0,0,test,1.0,0.5949008498583569,6,6,6,210,353
2H3W_A_,0,0,test,0.5654008438818565,0.25918762088974856,1,1,2,237,517
6BXN_AB_,1,0,test,0.8958333333333334,0.4271523178807947,6,6,2,144,302
1QRR_AB_,0,0,test,0.981549815498155,0.3751763046544429,4,2,2,271,709
1QRR_AB_,0,1,test,0.8689138576779026,0.3531202435312024,4,2,2,267,657
2VVM_AB_,0,0,test,1.0,0.7211740041928721,2,2,2,344,477
2VVM_AB_,0,1,test,0.973293768545994,0.8179551122194514,2,2,2,337,401
2YIU_ACBEDF_,1,0,test,1.0,0.651685393258427,3,3,3,290,445
2YIU_ACBEDF_,0,2,test,1.0,0.6492027334851936,3,3,3,285,439
3UJ7_A_,0,0,test,1.0,0.3641509433962264,6,6,4,193,530
5FHF_A_,0,0,test,0.7567567567567568,0.1761006289308176,0,0,0,111,477
4GYI_A_,0,0,test,0.9142857142857143,0.4025157232704403,0,0,0,140,318
3DH0_A_,0,0,test,0.995,0.4461883408071749,6,6,1,200,446
4BLV_A_,0,0,test,1.0,0.43648960739030024,6,6,4,189,433
2BRA_A_,0,0,test,0.8350877192982457,0.5483870967741935,2,2,2,285,434
5O96_AB_,1,0,test,0.8516483516483516,0.7828282828282829,6,6,1,182,198
5O96_AB_,0,1,test,0.9875,0.5622775800711743,6,6,0,160,281
2PR1_AB_,0,0,test,0.9285714285714286,0.49852507374631266,1,1,1,182,339
1MWM_A_,0,0,test,1.0,0.23974763406940064,0,0,4,152,634
5MBX_A_,0,0,test,0.990990990990991,0.5436573311367381,2,2,2,333,607
3DBG_A_,0,1,test,0.8340080971659919,0.6821192052980133,3,3,3,247,302
1WG8_A_,0,0,test,0.7282608695652174,0.3073394495412844,6,6,5,184,436
2BFR_A_,0,0,test,1.0,0.44502617801047123,0,0,4,170,382
6FJH_AB_,0,0,test,0.8595317725752508,0.5775280898876405,2,2,2,299,445
1SG6_A_,0,0,test,0.9955947136563876,0.4224299065420561,4,4,4,227,535
4ZGP_A_,0,0,test,0.9817073170731707,0.33059548254620125,0,0,0,164,487
4UII_AB_,0,0,test,0.7108433734939759,0.43866171003717475,3,3,3,166,269
1YOA_AB_,0,0,test,0.8611111111111112,0.6966292134831461,2,2,4,216,267
1YOA_AB_,0,1,test,0.5874439461883408,0.7987804878048781,2,2,4,223,164
3EWK_A_,0,0,test,0.8536585365853658,0.7446808510638298,2,1,2,246,282
4ZNL_A_,0,0,test,0.9705882352941176,0.36666666666666664,0,0,0,102,270
2A2C_A_,0,0,test,1.0,0.3476297968397291,0,0,0,154,443
2IXB_AB_,1,0,test,1.0,0.5808656036446469,4,4,4,255,439
2A8X_AB_,1,0,test,1.0,0.5149384885764499,2,6,4,293,569
3WFJ_AE_,1,0,test,0.9913419913419913,0.37664473684210525,4,4,4,231,608
3WFJ_AE_,0,1,test,0.6798245614035088,0.5363321799307958,4,4,4,228,289
1SK7_A_,0,0,test,0.9683257918552036,0.5768194070080862,3,3,3,221,371
2G72_A_,0,0,test,1.0,0.5012224938875306,6,6,2,205,409
6BDD_A_,0,0,test,1.0,0.6616541353383458,3,3,3,264,399
5XXS_A_,0,0,test,0.9119170984455959,0.8110599078341014,1,1,1,193,217
3PZB_AB_,1,0,test,0.6260869565217392,0.51985559566787,5,5,5,230,277
2YZL_A_,0,0,test,1.0,0.27599243856332706,0,0,0,146,529
3T58_A_,0,0,test,0.9813664596273292,0.5031847133757962,2,2,2,322,628
5OBV_A_,0,0,test,0.9556962025316456,0.3268398268398268,0,0,0,158,462
1P0H_A_,0,0,test,0.7660550458715596,0.5170278637770898,1,1,1,218,323
4IEI_A_,0,0,test,1.0,0.36607142857142855,0,0,0,123,336
2CVX_AB_,0,0,test,1.0,0.5183823529411765,0,0,2,141,272
4XHP_A_,1,0,test,1.0,0.29636711281070743,0,0,0,155,523
3B1N_AB_,0,0,test,1.0,0.3179190751445087,0,0,4,165,519
3I9K_AB_,0,0,test,0.7891156462585034,0.8345323741007195,4,2,2,147,139
5FUK_AB_,0,0,test,0.9927797833935018,0.6773399014778325,3,3,3,277,406
1IYN_A_,0,0,test,1.0,0.47466216216216217,3,2,2,281,592
3J82_ACBD_,0,0,test,0.7037037037037037,0.17055655296229802,0,0,4,135,557
2WAT_ACB_,0,0,test,0.6871165644171779,0.7777777777777778,1,1,0,163,144
1IOV_A_,0,0,test,1.0,0.6038461538461538,0,6,6,157,260
4PZR_A_,0,0,test,0.8489795918367347,0.6341463414634146,1,1,2,245,328
3VBP_ACE_,2,0,test,0.616822429906542,0.3076923076923077,1,1,1,214,429
1ITH_ACBD_,2,0,test,0.5625,0.8622754491017964,3,3,3,256,167
1UT0_A_,0,0,test,0.9076305220883534,0.5794871794871795,3,3,3,249,390
4XQ9_AB_,0,0,test,0.8726591760299626,0.6229946524064172,4,4,4,267,374
6B58_AB_,0,0,test,1.0,0.651394422310757,2,2,2,327,502
4XZJ_A_,0,0,test,1.0,0.4760956175298805,4,4,4,239,502
2VF8_AB_,0,0,test,1.0,0.2781065088757396,0,0,0,141,507
5U5N_AB_,1,0,test,0.5745614035087719,0.35597826086956524,4,4,2,228,368
2VYW_A_,0,0,test,1.0,0.683377308707124,3,3,3,259,379
1BS1_A_,0,0,test,0.7280701754385965,0.3007246376811594,0,0,0,114,276
3CWQ_AB_,0,0,test,0.9922480620155039,0.579185520361991,0,0,0,129,221
5O0T_A_,1,0,test,1.0,0.5253549695740365,3,3,3,259,493
3NN4_ACBED_,1,0,test,1.0,0.6436781609195402,3,3,3,280,435
3NN4_ACBED_,0,1,test,0.9963369963369964,0.7064935064935065,3,3,3,273,385
3NN4_ACBED_,2,2,test,0.7956989247311828,0.75,3,3,3,279,296
1DLI_AB_,0,0,test,0.7874015748031497,0.5586592178770949,4,2,2,254,358
5E7P_A_,0,0,test,0.7786885245901639,0.13249651324965134,0,0,0,122,717
3W0P_A_,0,0,test,0.9032258064516129,0.4117647058823529,0,0,0,93,204
1NY3_A_,0,0,test,1.0,0.38726790450928383,0,0,0,146,377
5LJV_ACBEDF_,0,0,test,1.0,0.4329608938547486,0,0,0,155,358
1JTB_A_,0,0,test,0.5555555555555556,0.20435967302452315,1,1,3,135,367
2PSW_A_,0,0,test,0.7833333333333333,0.4034334763948498,1,1,1,240,466
5D4U_AC_,0,0,test,0.7965116279069767,0.3774104683195592,6,6,6,172,363
5D4U_AC_,0,1,test,0.7325581395348837,0.4077669902912621,6,6,6,172,309
3U8P_A_,0,0,test,1.0,0.5315985130111525,3,3,3,286,538
3BXZ_AB_,1,0,test,0.7796610169491526,0.22549019607843138,0,0,0,118,408
5LTI_A_,0,0,test,1.0,0.6593673965936739,3,3,3,271,411
4WH2_A_,0,0,test,0.9885714285714285,0.30244755244755245,0,0,0,175,572
5DCY_AC_,1,0,test,1.0,0.48172757475083056,5,2,2,290,602
4O6Y_AB_,2,0,test,0.9967637540453075,0.7493917274939172,3,3,3,309,411
5OC0_A_,0,0,test,0.9959016393442623,0.36541353383458647,3,3,3,244,665
4OTP_A_,0,0,test,0.9037037037037037,0.4959349593495935,0,0,3,135,246
4GW0_A_,0,0,test,1.0,0.28021015761821366,0,0,0,160,571
4PL9_A_,0,0,test,1.0,0.3819241982507289,0,0,1,131,343
5WY0_A_,0,0,test,0.9941860465116279,0.34063745019920316,6,6,0,172,502
4XHG_A_,0,0,test,0.9823008849557522,0.3546325878594249,0,0,0,113,313
5ODT_AB_,0,0,test,1.0,0.43911439114391143,0,0,0,119,271
3QVH_AB_,0,0,test,0.5982905982905983,0.2857142857142857,0,0,0,117,245
3ABI_AB_,0,0,val,0.9471544715447154,0.4613861386138614,4,4,4,246,505
4WOE_A_,0,0,val,1.0,0.26411290322580644,0,0,0,131,496
3V3N_A_,0,0,val,0.8745247148288974,0.36220472440944884,2,2,2,263,635
5EXT_ACBEDF_,1,1,val,0.7911392405063291,0.32808398950131235,0,0,0,158,381
3DLC_A_,0,0,val,0.9421052631578948,0.32545454545454544,6,6,2,190,550
5OFR_AB_,1,0,val,1.0,0.35827664399092973,0,0,0,158,441
4B0T_AB_,1,0,val,0.9774011299435028,0.30404217926186294,0,0,0,177,569
5OOH_A_,0,0,val,1.0,0.46206896551724136,5,5,1,268,580
1RP4_A_,0,0,val,0.8721804511278195,0.6203208556149733,2,2,3,266,374
4K8F_AB_,1,0,val,0.8816326530612245,0.7632508833922261,3,3,3,245,283
3A16_AB_,1,0,val,1.0,0.6521739130434783,3,3,3,270,414
3A16_AB_,0,1,val,0.984313725490196,0.6605263157894737,3,3,3,255,380
5JZV_A_,0,0,val,0.5447154471544715,0.17048346055979643,0,0,0,123,393
5IRN_A_,0,0,val,1.0,0.32075471698113206,0,0,0,153,477
1YBM_A_,0,0,val,0.974169741697417,0.6041189931350115,5,5,1,271,437
5TTK_A_,0,0,val,1.0,0.6074600355239786,2,2,2,342,563
2Z0Y_A_,0,0,val,1.0,0.5746268656716418,6,6,4,154,268
4UZV_AB_,1,0,val,0.9885931558935361,0.6356968215158925,3,3,3,263,409
1WE1_A_,0,0,val,0.991701244813278,0.5469107551487414,3,3,3,241,437
5W2H_A_,0,0,val,0.944,0.48559670781893005,0,0,0,125,243
5Y8M_AB_,0,0,val,0.6216216216216216,0.3511450381679389,4,4,2,222,393
3D9G_ACBD_,0,0,val,0.9968051118210862,0.5920303605313093,2,2,2,313,527
3D9G_ACBD_,1,1,val,1.0,0.5659050966608085,2,2,2,322,569
5CHO_AB_,0,0,val,0.7894736842105263,0.8333333333333334,2,2,2,209,198
5CHO_AB_,0,1,val,0.704225352112676,0.8379888268156425,2,2,2,213,179
4H8P_A_,0,0,val,0.9715909090909091,0.7633928571428571,3,3,3,176,224
3HL0_AB_,0,0,val,0.6735751295336787,0.22413793103448276,4,2,2,193,580
4KIC_AB_,0,0,val,0.9352941176470588,0.3672055427251732,6,6,4,170,433
6EMU_A_,0,0,val,1.0,0.5337078651685393,6,0,0,190,356
4M7T_A_,0,0,val,1.0,0.5108359133126935,6,6,6,165,323
4AVE_A_,0,0,val,0.9840637450199203,0.5691244239631337,3,3,3,251,434
2FON_AB_,1,0,val,0.861198738170347,0.6039823008849557,2,2,2,317,452
1TY8_AB_,0,0,val,0.8109756097560976,0.5757575757575758,0,0,2,164,231
6FP4_AB_,1,0,val,1.0,0.5614617940199336,2,2,2,338,602
6FP4_AB_,0,1,val,1.0,0.5167682926829268,2,2,2,339,656
4DCA_A_,0,1,val,1.0,0.33064516129032256,0,0,0,123,372
3KKJ_AB_,1,0,val,0.7080745341614907,0.5428571428571428,2,2,2,322,420
5E4R_A_,0,0,val,0.7467811158798283,0.5506329113924051,5,5,4,233,316
1GG5_AC_,0,0,val,0.6954732510288066,0.46301369863013697,2,2,2,243,365
4OVI_A_,0,0,val,0.9218241042345277,0.35199004975124376,2,2,2,307,804
3VOL_AB_,0,0,val,0.996031746031746,0.7317784256559767,3,3,3,252,343
1NV8_A_,0,0,val,1.0,0.5591397849462365,6,6,6,208,372
1EE9_AB_,1,0,val,0.5402843601895735,0.304,4,4,4,211,375
4LRZ_AHBF_,0,0,val,1.0,0.30363636363636365,0,0,0,167,550
4LRZ_AHBF_,0,1,val,1.0,0.4110576923076923,0,0,0,171,416
5F3R_AB_,0,0,val,0.990625,0.6430020283975659,2,2,2,320,493
5F3R_AB_,0,1,val,0.9646302250803859,0.6134969325153374,2,2,2,311,489
4NK1_AB_,1,0,val,0.975103734439834,0.7507987220447284,3,3,3,241,313
5E4F_A_,0,0,val,1.0,0.39378238341968913,0,0,0,152,386
2AF6_ACBD_,2,0,val,0.9610894941634242,0.2583682008368201,2,2,2,257,956
