pdb,dataset,recall,precision,npoints_true,npoints_pred
5UME_AD_,test,0.8052434456928839,0.7049180327868853,267,305
5UME_AD_,test,0.7865168539325843,0.6176470588235294,267,340
3R9G_A_,test,0.868995633187773,0.41983122362869196,229,474
3UBM_AB_,test,0.9083969465648855,0.24285714285714285,262,980
5UHW_AB_,test,0.5622489959839357,0.45751633986928103,249,306
5UHW_AB_,test,0.6186440677966102,0.477124183006536,236,306
5H5F_A_,test,0.9949494949494949,0.6936619718309859,198,284
4IFX_A_,test,0.592,0.6851851851851852,250,216
1DLY_A_,test,0.946969696969697,0.6544502617801047,264,382
2RCH_A_,test,1.0,0.5573122529644269,282,506
4OBW_AB_,test,0.6683673469387755,0.7081081081081081,196,185
4OBW_AB_,test,0.7877094972067039,0.7014925373134329,179,201
3FYH_A_,test,0.5420560747663551,0.38926174496644295,107,149
2R46_A_,test,0.9903536977491961,0.5310344827586206,311,580
3P3I_AB_,test,0.7209302325581395,0.35428571428571426,86,175
2FK8_A_,test,0.7958115183246073,0.5049833887043189,191,301
4IIU_ACBD_,test,0.9922779922779923,0.08601070950468541,259,2988
1CIV_AB_,test,0.8091286307053942,0.65,241,300
4PL1_B_,test,1.0,0.3015267175572519,158,524
1H84_AB_,test,1.0,0.8062953995157385,333,413
1H84_AB_,test,0.9801136363636364,0.8414634146341463,352,410
1Z6T_A_,test,1.0,0.3410526315789474,162,475
4AM7_A_,test,0.7516339869281046,0.444015444015444,153,259
2VTK_AB_,test,0.6129032258064516,0.59375,124,128
5YB6_AC_,test,1.0,0.4520547945205479,330,730
5YB6_AC_,test,0.9742857142857143,0.7893518518518519,350,432
2O6P_A_,test,0.6483516483516484,0.9147286821705426,182,129
4QTU_AB_,test,0.9381443298969072,0.48148148148148145,194,378
5MUV_ABIKJL_,test,0.7894736842105263,0.03076923076923077,114,2925
5MUV_ABIKJL_,test,0.6018518518518519,0.26104417670682734,108,249
5BU2_A_,test,0.6612903225806451,0.6307692307692307,124,130
5YK4_AB_,test,0.6384615384615384,0.6916666666666667,130,120
5J7I_ACBD_,test,0.8490566037735849,0.10368663594470046,53,434
5J7I_ACBD_,test,0.7352941176470589,0.12886597938144329,68,388
5J7I_ACBD_,test,0.9782608695652174,0.19313304721030042,92,466
5VHD_D_,test,0.9433962264150944,0.5928853754940712,159,253
4D86_A_,test,0.7795698924731183,0.5034722222222222,186,288
4D86_A_,test,0.9357142857142857,0.4212218649517685,140,311
6FQY_AB_,test,0.7909090909090909,0.17330677290836655,110,502
2I5B_AB_,test,0.9408284023668639,0.45558739255014324,169,349
2I5B_AB_,test,0.6395348837209303,0.37542662116040953,172,293
5K8U_A_,test,0.8962264150943396,0.35984848484848486,106,264
4E03_A_,test,0.936,0.6324324324324324,125,185
5T3O_ACBEDF_,test,0.5841584158415841,0.2757009345794392,101,214
1H1O_A_,test,0.9379562043795621,0.47947761194029853,274,536
4O27_ACB_,test,0.7109375,0.5170454545454546,128,176
5HH1_AB_,test,0.9178082191780822,0.4843373493975904,219,415
2QEN_A_,test,1.0,0.5133333333333333,154,300
2Z4S_A_,test,0.9787234042553191,0.6764705882352942,141,204
5GLG_A_,test,1.0,0.6814345991561181,323,474
2QMM_AB_,test,0.9558823529411765,0.6770833333333334,136,192
2QMM_AB_,test,0.984,0.5168067226890757,125,238
2CTS_AB_,test,0.9746835443037974,0.30156657963446476,237,766
2CTS_AB_,test,0.7948717948717948,0.5284090909090909,234,352
3IHG_A_,test,0.6707317073170732,0.3248031496062992,246,508
3VMM_A_,test,0.5963855421686747,0.2255125284738041,166,439
2YUT_AB_,test,0.9679715302491103,0.7838616714697406,281,347
2YUT_AB_,test,0.9965397923875432,0.6442953020134228,289,447
3FZG_A_,test,0.672514619883041,0.9504132231404959,171,121
5GT9_AB_,test,0.9107142857142857,0.5138539042821159,224,397
5KVA_AB_,test,0.601123595505618,0.5297029702970297,178,202
5KVA_AB_,test,0.8920454545454546,0.42318059299191374,176,371
3HMQ_AB_,test,0.824390243902439,0.13455414012738853,205,1256
4NXU_A_,test,0.8802816901408451,0.33967391304347827,142,368
3G15_AB_,test,0.6137931034482759,0.7478991596638656,145,119
3G15_AB_,test,0.7235772357723578,0.8165137614678899,123,109
2FJE_ACBD_,test,0.7522388059701492,0.45,335,560
5IFS_ACBD_,test,0.9640287769784173,0.6733668341708543,139,199
5IFS_ACBD_,test,0.9477611940298507,0.3547486033519553,134,358
3E2N_A_,test,0.9966555183946488,0.7358024691358025,299,405
5IJZ_AGHKJL_,test,0.9393939393939394,0.4392712550607287,231,494
1KQN_ACBEDF_,test,1.0,0.16527331189710612,257,1555
1KQN_ACBEDF_,test,1.0,0.4331103678929766,259,598
1KQN_ACBEDF_,test,0.9961685823754789,0.42483660130718953,261,612
1KQN_ACBEDF_,test,1.0,0.06838273530941237,263,3846
4NTC_AB_,test,0.9661016949152542,0.22193380921479558,354,1541
3VO2_A_,test,0.7666666666666667,0.47774480712166173,210,337
5W8A_A_,test,0.7658227848101266,0.4033333333333333,158,300
3RP7_A_,test,0.6764705882352942,0.4043956043956044,272,455
3EEY_AC_,test,0.9113300492610837,0.7939914163090128,203,233
3EEY_AC_,test,0.8535353535353535,0.9184782608695652,198,184
3E2R_AB_,test,0.9925373134328358,0.5859030837004405,268,454
3E2R_AB_,test,1.0,0.5769230769230769,270,468
4DCM_A_,test,0.7068965517241379,0.7321428571428571,174,168
2HMY_B_,test,0.6190476190476191,0.6046511627906976,168,172
5KPC_AB_,test,0.7584269662921348,0.26679841897233203,178,506
5KPC_AB_,test,0.6857142857142857,0.2601626016260163,140,369
3JBK_ABM_,test,0.7202380952380952,0.30632911392405066,168,395
3JBK_ABM_,test,0.8022598870056498,0.6698113207547169,177,212
6CR0_A_,test,1.0,0.766743648960739,332,433
1IN5_A_,test,1.0,0.5714285714285714,160,280
1K3D_A_,test,0.7961783439490446,0.32894736842105265,157,380
3HZL_A_,test,0.9935897435897436,0.5272108843537415,312,588
3TFG_A_,test,1.0,0.8352272727272727,294,352
3U9Z_AC_,test,0.9810126582278481,0.4305555555555556,158,360
2YDX_BF_,test,0.9384615384615385,0.7113702623906706,260,343
2YDX_BF_,test,0.8438661710037175,0.5328638497652582,269,426
6ARB_ACB_,test,0.600896860986547,0.5606694560669456,223,239
6ARB_ACB_,test,0.6956521739130435,0.583941605839416,230,274
6ARB_ACB_,test,0.6723404255319149,0.511326860841424,235,309
1QV6_AB_,test,0.9271255060728745,0.5640394088669951,247,406
1QV6_AB_,test,0.9920634920634921,0.49019607843137253,252,510
4FRY_AB_,test,0.8368200836820083,0.3401360544217687,239,588
3A1D_AB_,test,0.9212121212121213,0.4919093851132686,165,309
3A1D_AB_,test,0.8503401360544217,0.40584415584415584,147,308
5FSX_A_,test,0.8742138364779874,0.562753036437247,159,247
3PFG_AB_,test,0.9494949494949495,0.38923395445134573,198,483
3PFG_AB_,test,0.576530612244898,0.34036144578313254,196,332
1MBT_A_,test,0.9937304075235109,0.4817629179331307,319,658
2CDA_ACBD_,test,0.8649789029535865,0.5807365439093485,237,353
2CDA_ACBD_,test,0.6194690265486725,0.5622489959839357,226,249
2CDA_ACBD_,test,0.743801652892562,0.5113636363636364,242,352
2CDA_ACBD_,test,0.5676855895196506,0.5882352941176471,229,221
5NKV_AB_,test,0.6353790613718412,0.6263345195729537,277,281
2NOX_ACBD_,test,0.950530035335689,0.6862244897959183,283,392
2NOX_ACBD_,test,0.9175627240143369,0.5589519650655022,279,458
2NOX_ACBD_,test,1.0,0.6603325415676959,278,421
2NOX_ACBD_,test,0.933579335793358,0.6067146282973621,271,417
3VOT_A_,test,0.8163265306122449,0.6,147,200
5ERG_ACBD_,test,0.6612903225806451,0.8145695364238411,186,151
5ERG_ACBD_,test,0.7231638418079096,0.8827586206896552,177,145
4EFH_AB_,test,0.8654970760233918,0.5034013605442177,171,294
5K8C_AB_,test,0.8709677419354839,0.4675324675324675,248,462
5K8C_AB_,test,0.7344398340248963,0.48626373626373626,241,364
4NWZ_AB_,test,0.9868421052631579,0.5300353356890459,304,566
1EVZ_AB_,test,0.8979591836734694,0.1376075058639562,196,1279
2PDR_A_,test,0.8619402985074627,0.7938144329896907,268,291
5TUM_A_,test,0.75,0.6447761194029851,288,335
3NE7_A_,test,0.9094488188976378,0.6363636363636364,254,363
1W2D_A_,test,0.7867647058823529,0.6331360946745562,136,169
2BM9_ACBEDF_,test,0.5614035087719298,0.7804878048780488,171,123
3Q87_AB_,test,1.0,0.6645569620253164,210,316
2H3W_A_,test,0.5654008438818565,0.3116279069767442,237,430
6BKZ_AB_,test,0.7864077669902912,0.09551886792452831,206,1696
1WLV_ACBD_,test,0.6635514018691588,0.4930555555555556,214,288
1WLV_ACBD_,test,0.8181818181818182,0.4835820895522388,198,335
6BXN_AB_,test,0.6015625,0.21329639889196675,128,361
6BXN_AB_,test,0.8333333333333334,0.40955631399317405,144,293
1QRR_AB_,test,0.9704797047970479,0.37357954545454547,271,704
1QRR_AB_,test,0.8689138576779026,0.35419847328244275,267,655
2VVM_AB_,test,1.0,0.7211740041928721,344,477
2VVM_AB_,test,0.973293768545994,0.8179551122194514,337,401
2YIU_ACBEDF_,test,1.0,0.6666666666666666,290,435
2YIU_ACBEDF_,test,1.0,0.6521739130434783,285,437
1GKI_ABEDGF_,test,0.8365384615384616,0.11772665764546685,104,739
1GKI_ABEDGF_,test,0.9,0.1388499298737728,110,713
1GKI_ABEDGF_,test,0.94,0.11380145278450363,100,826
3UJ7_A_,test,1.0,0.39549180327868855,193,488
5FHF_A_,test,0.7297297297297297,0.2183288409703504,111,371
4GYI_A_,test,0.8428571428571429,0.5870646766169154,140,201
3PZC_AB_,test,0.802547770700637,0.6237623762376238,157,202
3DH0_A_,test,0.995,0.7509433962264151,200,265
4BLV_A_,test,0.9841269841269841,0.49732620320855614,189,374
2BRA_A_,test,0.8350877192982457,0.569377990430622,285,418
5O96_AB_,test,0.8186813186813187,0.8054054054054054,182,185
5O96_AB_,test,0.58125,0.6595744680851063,160,141
4PCL_AC_,test,0.5932203389830508,0.6907894736842105,177,152
4PCL_AC_,test,0.6292134831460674,0.7225806451612903,178,155
2PR1_AB_,test,0.5714285714285714,0.4686192468619247,196,239
2PR1_AB_,test,0.6428571428571429,0.5679611650485437,182,206
1MWM_A_,test,0.8486842105263158,0.291196388261851,152,443
5MBX_A_,test,0.990990990990991,0.6179775280898876,333,534
1WG8_A_,test,0.7010869565217391,0.45422535211267606,184,284
2BFR_A_,test,0.8941176470588236,0.4735202492211838,170,321
6FJH_AB_,test,0.7525083612040134,0.5905511811023622,299,381
1GR0_ACBD_,test,0.993006993006993,0.4991212653778559,286,569
1SG6_A_,test,0.5242290748898678,0.8880597014925373,227,134
4ZGP_A_,test,0.8902439024390244,0.5509433962264151,164,265
4UII_AB_,test,0.536,0.22333333333333333,125,300
2OWM_AC_,test,0.8582089552238806,0.4307116104868914,134,267
2OWM_AC_,test,0.8264462809917356,0.41841004184100417,121,239
3EWK_A_,test,0.8008130081300813,0.7635658914728682,246,258
2UVQ_ACBD_,test,0.717741935483871,0.3771186440677966,124,236
2UVQ_ACBD_,test,0.7377049180327869,0.35294117647058826,122,255
2A2C_A_,test,1.0,0.36754176610978523,154,419
2IXB_AB_,test,0.7991967871485943,0.7896825396825397,249,252
2IXB_AB_,test,0.7686274509803922,0.8235294117647058,255,238
2A8X_AB_,test,0.863481228668942,0.5776255707762558,293,438
2A8X_AB_,test,0.9283276450511946,0.6476190476190476,293,420
3WFJ_AE_,test,0.8528138528138528,0.46904761904761905,231,420
5U0M_AB_,test,0.7430830039525692,0.3213675213675214,253,585
5U0M_AB_,test,0.7112970711297071,0.2463768115942029,239,690
3QPV_AB_,test,1.0,0.17853658536585365,183,1025
1SK7_A_,test,0.6153846153846154,0.6044444444444445,221,225
3NT1_AB_,test,0.7509881422924901,0.28106508875739644,253,676
3NT1_AB_,test,0.8283261802575107,0.7509727626459144,233,257
2G72_A_,test,1.0,0.5024509803921569,205,408
6BDD_A_,test,1.0,0.6875,264,384
5XXS_A_,test,0.6010362694300518,0.8992248062015504,193,129
3EZ6_AB_,test,0.9710144927536232,0.1442411194833154,138,929
3PZB_AB_,test,0.9354838709677419,0.6005917159763313,217,338
3PZB_AB_,test,0.6043478260869565,0.6813725490196079,230,204
2YZL_A_,test,0.7945205479452054,0.5248868778280543,146,221
3T58_A_,test,0.9813664596273292,0.5429553264604811,322,582
5OBV_A_,test,0.6835443037974683,0.36860068259385664,158,293
1P0H_A_,test,0.6055045871559633,0.8198757763975155,218,161
4IEI_A_,test,0.6910569105691057,0.6028368794326241,123,141
2CVX_AB_,test,1.0,0.1782178217821782,144,808
2CVX_AB_,test,1.0,0.5320754716981132,141,265
4XHP_A_,test,0.9883040935672515,0.3967136150234742,171,426
4XHP_A_,test,0.864516129032258,0.4944649446494465,155,271
1Q4S_ACBD_,test,0.622568093385214,0.3036053130929791,257,527
1Q4S_ACBD_,test,0.7272727272727273,0.18181818181818182,253,1012
3B1N_AB_,test,0.9705882352941176,0.2669902912621359,170,618
3B1N_AB_,test,0.9272727272727272,0.35664335664335667,165,429
3I9K_AB_,test,0.782312925170068,0.8518518518518519,147,135
5FUK_AB_,test,0.9747292418772563,0.6835443037974683,277,395
5FUK_AB_,test,0.9657534246575342,0.43119266055045874,292,654
1IYN_A_,test,1.0,0.5090579710144928,281,552
3J82_ACBD_,test,0.562962962962963,0.17155756207674944,135,443
3J82_ACBD_,test,0.6589147286821705,0.09350935093509351,129,909
2WAT_ACB_,test,0.6197718631178707,0.5292207792207793,263,308
2WAT_ACB_,test,0.5476190476190477,0.5390625,252,256
1IOV_A_,test,1.0,0.6916299559471366,157,227
4PZR_A_,test,0.7918367346938775,0.6621160409556314,245,293
3VBP_ACE_,test,0.616822429906542,0.3127962085308057,214,422
1ITH_ACBD_,test,0.8893280632411067,0.8152173913043478,253,276
1ITH_ACBD_,test,0.8373983739837398,0.824,246,250
1ITH_ACBD_,test,0.836,0.8038461538461539,250,260
1ITH_ACBD_,test,0.546875,0.8860759493670886,256,158
1UT0_A_,test,0.8273092369477911,0.5936599423631124,249,347
5SZZ_ABEGFH_,test,0.8595744680851064,0.5534246575342465,235,365
5SZZ_ABEGFH_,test,0.788546255506608,0.5359281437125748,227,334
5SZZ_ABEGFH_,test,0.8376068376068376,0.536986301369863,234,365
4XQ9_AB_,test,0.8314606741573034,0.6510263929618768,267,341
4XQ9_AB_,test,0.9296875,0.3156498673740053,256,754
6B58_AB_,test,0.9418960244648318,0.7642679900744417,327,403
4XZJ_A_,test,0.5062761506276151,0.8897058823529411,239,136
1VPM_ACBEDF_,test,0.7440758293838863,0.2552845528455285,211,615
1VPM_ACBEDF_,test,0.5891089108910891,0.20238095238095238,202,588
1VPM_ACBEDF_,test,0.6390243902439025,0.33080808080808083,205,396
1VPM_ACBEDF_,test,0.7135922330097088,0.3348519362186788,206,439
1SUW_ACBD_,test,0.7229437229437229,0.4103194103194103,231,407
1SUW_ACBD_,test,0.9783549783549783,0.345565749235474,231,654
1SUW_ACBD_,test,0.9184549356223176,0.45726495726495725,233,468
1SUW_ACBD_,test,0.987012987012987,0.35514018691588783,231,642
4PSX_AYCB_,test,0.8711656441717791,0.36787564766839376,163,386
5EOY_AB_,test,0.8627450980392157,0.21498371335504887,153,614
2VYW_A_,test,0.7683397683397684,0.8468085106382979,259,235
3NBX_X_,test,0.8581560283687943,0.6994219653179191,141,173
2OYY_ABIKJL_,test,0.8387096774193549,0.7165354330708661,217,254
2OYY_ABIKJL_,test,0.8293838862559242,0.7172131147540983,211,244
2OYY_ABIKJL_,test,0.8714285714285714,0.7261904761904762,210,252
2OYY_ABIKJL_,test,0.8333333333333334,0.7860262008733624,216,229
2OYY_ABIKJL_,test,0.8486238532110092,0.7459677419354839,218,248
2OYY_ABIKJL_,test,0.8348623853211009,0.6765799256505576,218,269
3CWQ_AB_,test,0.5116279069767442,0.6285714285714286,129,105
3CWQ_AB_,test,0.832,0.6265060240963856,125,166
4RZQ_AB_,test,0.5769230769230769,0.32608695652173914,104,184
4H1G_A_,test,0.8130841121495327,0.232620320855615,107,374
5O0T_A_,test,0.9034749034749034,0.6428571428571429,259,364
3NN4_ACBED_,test,1.0,0.4926739926739927,269,546
3NN4_ACBED_,test,1.0,0.6572769953051644,280,426
3NN4_ACBED_,test,0.9962962962962963,0.5018656716417911,270,536
3NN4_ACBED_,test,0.7956989247311828,0.7551020408163265,279,294
1DLI_AB_,test,0.7716535433070866,0.5697674418604651,254,344
1DLI_AB_,test,0.9509433962264151,0.33201581027667987,265,759
5E7P_A_,test,0.7377049180327869,0.430622009569378,122,209
5E7P_A_,test,0.7956204379562044,0.5369458128078818,137,203
1NY3_A_,test,0.7602739726027398,0.4805194805194805,146,231
5LJV_ACBEDF_,test,0.6410256410256411,0.46511627906976744,156,215
5LJV_ACBEDF_,test,0.6258064516129033,0.4217391304347826,155,230
1JTB_A_,test,0.5037037037037037,0.2138364779874214,135,318
2PSW_A_,test,0.775,0.4161073825503356,240,447
5L22_AB_,test,0.7333333333333333,0.31230283911671924,135,317
5L22_AB_,test,0.572463768115942,0.3172690763052209,138,249
5D4U_AC_,test,0.7441860465116279,0.43389830508474575,172,295
5D4U_AC_,test,0.7209302325581395,0.4806201550387597,172,258
3U8P_A_,test,0.9895104895104895,0.6431818181818182,286,440
3BXZ_AB_,test,0.5677966101694916,0.27235772357723576,118,246
3BXZ_AB_,test,0.6086956521739131,0.23972602739726026,115,292
5LTI_A_,test,0.9520295202952029,0.6991869918699187,271,369
4WH2_A_,test,0.8971428571428571,0.5286195286195287,175,297
5DCY_AC_,test,0.9929824561403509,0.31030701754385964,285,912
5DCY_AC_,test,1.0,0.5160142348754448,290,562
5FWN_AB_,test,0.6363636363636364,0.23595505617977527,132,356
4O6Y_AB_,test,0.9807692307692307,0.1842485549132948,260,1384
4O6Y_AB_,test,0.9967637540453075,0.7777777777777778,309,396
4O6Y_AB_,test,1.0,0.6666666666666666,306,459
5OC0_A_,test,0.9918032786885246,0.38170347003154576,244,634
4OTP_A_,test,0.725925925925926,0.48756218905472637,135,201
4GW0_A_,test,0.9625,0.3719806763285024,160,414
4PL9_A_,test,0.9312977099236641,0.5213675213675214,131,234
4XHG_A_,test,0.6460176991150443,0.40555555555555556,113,180
5ODT_AB_,test,0.865546218487395,0.5885714285714285,119,175
3QVH_AB_,test,0.5897435897435898,0.3520408163265306,117,196
3QVH_AB_,test,0.7622950819672131,0.41517857142857145,122,224
3ABI_AB_,val,0.7317073170731707,0.5113636363636364,246,352
3FMP_AB_,val,0.7547169811320755,0.49382716049382713,106,162
4WOE_A_,val,0.8625954198473282,0.3434650455927052,131,329
4WOE_A_,val,1.0,0.3163064833005894,161,509
3UQD_ACBD_,val,0.8794326241134752,0.32545931758530183,141,381
3UQD_ACBD_,val,0.8633093525179856,0.29925187032418954,139,401
3V3N_A_,val,0.8631178707224335,0.3900343642611684,263,582
4R4U_AB_,val,0.6582914572864321,0.19523099850968703,199,671
3DLC_A_,val,0.9421052631578948,0.3290441176470588,190,544
2CDQ_AB_,val,0.6065573770491803,0.5323741007194245,122,139
2CDQ_AB_,val,0.7196969696969697,0.5974842767295597,132,159
5OFR_AB_,val,0.8670886075949367,0.37329700272479566,158,367
4B0T_AB_,val,0.8305084745762712,0.6869158878504673,177,214
4B0T_AB_,val,0.7049180327868853,0.8431372549019608,183,153
5OOH_A_,val,0.9888059701492538,0.5125725338491296,268,517
2Y53_AB_,val,0.8543689320388349,0.2938230383973289,206,599
1RP4_A_,val,0.8045112781954887,0.6484848484848484,266,330
4K8F_AB_,val,0.8816326530612245,0.779783393501805,245,277
4K8F_AB_,val,0.9295774647887324,0.782608695652174,213,253
3A16_AB_,val,1.0,0.6553398058252428,270,412
3A16_AB_,val,0.9803921568627451,0.6684491978609626,255,374
1SQK_AB_,val,0.6339869281045751,0.3943089430894309,153,246
5IRN_A_,val,0.9869281045751634,0.5224913494809689,153,289
3TDK_ACBEDF_,val,0.8067632850241546,0.2702265372168285,207,618
1YBM_A_,val,0.974169741697417,0.6439024390243903,271,410
3J15_AB_,val,0.7380952380952381,0.40789473684210525,84,152
5TTK_A_,val,1.0,0.6252285191956124,342,547
2Z0Y_A_,val,0.8961038961038961,0.69,154,200
4XIV_AB_,val,0.904,0.3704918032786885,125,305
4UZV_AB_,val,0.9885931558935361,0.6824146981627297,263,381
4UZV_AB_,val,0.9960474308300395,0.5793103448275863,253,435
1WE1_A_,val,0.8962655601659751,0.5806451612903226,241,372
5WC2_A_,val,0.9931972789115646,0.35351089588377727,147,413
5W2H_A_,val,0.8,0.6944444444444444,125,144
5Y8M_AB_,val,0.536036036036036,0.5534883720930233,222,215
3EC2_A_,val,0.5655737704918032,0.5564516129032258,122,124
3RFX_ACBEDF_,val,0.627906976744186,0.39901477832512317,129,203
3RFX_ACBEDF_,val,0.5547945205479452,0.3403361344537815,146,238
3RFX_ACBEDF_,val,0.6031746031746031,0.35023041474654376,126,217
3D9G_ACBD_,val,1.0,0.5659050966608085,322,569
3D9G_ACBD_,val,0.9968051118210862,0.5920303605313093,313,527
5CHO_AB_,val,0.6076555023923444,0.9407407407407408,209,135
5NBD_ACB_,val,0.9821428571428571,0.05293551491819057,56,1039
4H8P_A_,val,0.7386363636363636,0.8904109589041096,176,146
3HL0_AB_,val,0.6632124352331606,0.2800875273522976,193,457
4KIC_AB_,val,0.9333333333333333,0.4397905759162304,180,382
4KIC_AB_,val,0.9352941176470588,0.4344262295081967,170,366
6EMU_A_,val,0.7894736842105263,0.8287292817679558,190,181
3TM4_A_,val,0.7096774193548387,0.7810650887573964,186,169
4M7T_A_,val,0.9757575757575757,0.5457627118644067,165,295
5TQR_AB_,val,0.7172413793103448,0.5909090909090909,145,176
4AVE_A_,val,0.5537848605577689,0.6261261261261262,251,222
2FON_AB_,val,0.861198738170347,0.6176470588235294,317,442
1TY8_AB_,val,0.7012195121951219,0.5665024630541872,164,203
1TY8_AB_,val,0.7875,0.504,160,250
4DCA_A_,val,0.8211382113821138,0.41735537190082644,123,242
3DGE_ACBD_,val,0.9775280898876404,0.3326959847036329,178,523
3DGE_ACBD_,val,1.0,0.4740932642487047,183,386
3KKJ_AB_,val,0.7080745341614907,0.5428571428571428,322,420
1GG5_AC_,val,0.804,0.3544973544973545,250,567
1GG5_AC_,val,0.6502057613168725,0.45664739884393063,243,346
3VOL_AB_,val,0.8253968253968254,0.859504132231405,252,242
3VOL_AB_,val,0.84251968503937,0.8392156862745098,254,255
1NV8_A_,val,0.9086538461538461,0.6321070234113713,208,299
4LRZ_AHBF_,val,0.8143712574850299,0.3358024691358025,167,405
4LRZ_AHBF_,val,0.9415204678362573,0.4938650306748466,171,326
5F3R_AB_,val,0.86875,0.7277486910994765,320,382
5F3R_AB_,val,0.7813504823151125,0.7689873417721519,311,316
4NK1_AB_,val,0.9834710743801653,0.40893470790378006,242,582
4NK1_AB_,val,0.975103734439834,0.7507987220447284,241,313
5E4F_A_,val,0.8552631578947368,0.52,152,250
2AF6_ACBD_,val,0.9455252918287937,0.27708095781071834,257,877
3TD7_AB_,val,1.0,0.12860576923076922,321,2496
2V1O_ACBEDF_,val,0.7368421052631579,0.057431366361628274,247,3169
3GQR_ACBD_,val,0.8378378378378378,0.1715415019762846,259,1265
3GQR_ACBD_,val,0.908,0.761744966442953,250,298
3GQR_ACBD_,val,0.8054474708171206,0.7392857142857143,257,280
2ZI4_AB_,val,0.6119402985074627,0.2939068100358423,134,279
2ZI4_AB_,val,0.7101449275362319,0.3277591973244147,138,299
6CIB_A_,val,0.8456375838926175,0.49411764705882355,149,255
4BUP_A_,val,0.8192090395480226,0.6118143459915611,177,237
4MOC_ACB_,val,0.8661087866108786,0.7527272727272727,239,275
4MOC_ACB_,val,0.9063829787234042,0.726962457337884,235,293
4MOC_ACB_,val,0.7857142857142857,0.7759336099585062,238,241
4J8F_AB_,val,0.6163522012578616,0.310126582278481,159,316
4B4Y_AB_,val,0.7318007662835249,0.5650887573964497,261,338
5A3C_A_,val,0.7339055793991416,0.6477272727272727,233,264
2XVY_ACBD_,val,0.8235294117647058,0.8316831683168316,204,202
1YZR_A_,val,0.8137931034482758,0.833922261484099,290,283
5LY3_AB_,val,1.0,0.41688654353562005,158,379
4HZO_AB_,val,0.9594594594594594,0.5399239543726235,148,263
4HZO_AB_,val,0.9668874172185431,0.5748031496062992,151,254
5JKW_A_,val,1.0,0.5397489539748954,258,478
1OLT_A_,val,0.5826086956521739,0.1479028697571744,115,453
1OLT_A_,val,0.7239263803680982,0.5,163,236
1VDC_AB_,val,1.0,0.4702549575070821,332,706
3FE2_A_,val,0.5533980582524272,0.5643564356435643,103,101
3PC4_AB_,val,0.6798245614035088,0.6567796610169492,228,236
3PC4_AB_,val,0.7191489361702128,0.6167883211678832,235,274
3MVC_A_,val,0.8857142857142857,0.9004149377593361,245,241
5GZM_AB_,val,0.6370967741935484,0.7348837209302326,248,215
5GZM_AB_,val,0.8687258687258688,0.6859756097560976,259,328
3M6V_A_,val,0.7161290322580646,0.47435897435897434,155,234
2YXC_A_,val,0.6406926406926406,0.3356009070294785,231,441
2W54_AB_,train,1.0,0.48841059602649006,295,604
5CE3_AB_,train,0.7278481012658228,0.4339622641509434,158,265
4X7G_A_,train,0.7401960784313726,0.28277153558052437,204,534
2O4C_AB_,train,0.8723404255319149,0.43248945147679324,235,474
3PVZ_AB_,train,0.9816176470588235,0.5225048923679061,272,511
4RLR_A_,train,0.72,0.8780487804878049,250,205
4DZY_AB_,train,1.0,0.2698961937716263,156,578
4DZY_AB_,train,1.0,0.2613065326633166,156,597
2ZIF_AB_,train,0.6878980891719745,0.6171428571428571,157,175
2ZIF_AB_,train,0.7318435754189944,0.7318435754189944,179,179
2XJA_A_,train,0.9932885906040269,0.3854166666666667,149,384
5ZBA_ACBD_,train,0.881578947368421,0.6483870967741936,228,310
3OWC_A_,train,0.7887323943661971,0.3741648106904232,213,449
3SC6_A_,train,0.7136563876651982,0.4602272727272727,227,352
1TU9_A_,train,0.8141592920353983,0.773109243697479,226,238
4J31_A_,train,0.9826388888888888,0.5484496124031008,288,516
3B70_A_,train,0.5641025641025641,0.3987915407854985,234,331
2R87_ACB_,train,0.6392405063291139,0.2630208333333333,158,384
2R87_ACB_,train,0.9615384615384616,0.23923444976076555,156,627
4REP_A_,train,0.9207317073170732,0.4711388455538221,328,641
5DMZ_A_,train,0.8475609756097561,0.6847290640394089,164,203
5T6Q_A_,train,1.0,0.6327433628318584,286,452
4ZRB_AHED_,train,0.5471698113207547,0.5225225225225225,212,222
5LKU_A_,train,0.7418032786885246,0.6135593220338983,244,295
1HI5_A_,train,0.5833333333333334,0.4827586206896552,96,116
4PKH_AB_,train,0.8616352201257862,0.3692722371967655,159,371
4GI5_AB_,train,0.6496598639455783,0.4775,294,400
4GI5_AB_,train,0.8776978417266187,0.44363636363636366,278,550
2ZW9_A_,train,0.8793969849246231,0.541795665634675,199,323
4P7A_AB_,train,0.9942528735632183,0.6156583629893239,174,281
3LMH_A_,train,0.8768115942028986,0.37116564417177916,138,326
2RIR_ACBD_,train,0.8663594470046083,0.5108695652173914,217,368
2RIR_ACBD_,train,0.8405172413793104,0.49242424242424243,232,396
2RIR_ACBD_,train,0.721030042918455,0.4970414201183432,233,338
2RIR_ACBD_,train,0.9054054054054054,0.45067264573991034,222,446
5LBX_AB_,train,0.9829059829059829,0.26018099547511314,234,884
5LBX_AB_,train,0.6666666666666666,0.3723150357995227,234,419
1X87_AB_,train,0.5233644859813084,0.8484848484848485,214,132
4H4Q_AB_,train,0.9745222929936306,0.41184387617765816,314,743
4H4Q_AB_,train,0.8993288590604027,0.28879310344827586,298,928
4IWX_ACBD_,train,1.0,0.030244074991156705,171,5654
2VE4_A_,train,0.9812734082397003,0.5357873210633947,267,489
1ZTH_A_,train,0.773109243697479,0.37551020408163266,119,245
3LB3_AB_,train,0.7550200803212851,0.7550200803212851,249,249
3LB3_AB_,train,0.819327731092437,0.724907063197026,238,269
1U5U_A_,train,0.9895470383275261,0.517304189435337,287,549
4TS7_AB_,train,0.6524822695035462,0.4816753926701571,141,191
4TS7_AB_,train,0.5255474452554745,0.5070422535211268,137,142
5HE9_AE_,train,0.6533333333333333,0.3983739837398374,75,123
4B8N_A_,train,0.8695652173913043,0.8888888888888888,230,225
1R0Y_A_,train,0.7567567567567568,0.4883720930232558,111,172
2E1M_ACBEDF_,train,0.8947368421052632,0.6348547717842323,342,482
2FG9_ACBEDF_,train,0.8145161290322581,0.3232,248,625
2FG9_ACBEDF_,train,0.8307086614173228,0.3153961136023916,254,669
2FG9_ACBEDF_,train,0.8492063492063492,0.33700787401574805,252,635
2FG9_ACBEDF_,train,0.8346456692913385,0.3164179104477612,254,670
2FG9_ACBEDF_,train,0.9272030651340997,0.17820324005891017,261,1358
2TDT_ACB_,train,1.0,0.1384373361300472,264,1907
5C3C_ACBEDF_,train,1.0,0.3986175115207373,173,434
4XE8_A_,train,1.0,0.42080378250591016,178,423
1E7R_AB_,train,0.9234042553191489,0.2595693779904306,235,836
3EHH_AB_,train,0.7322834645669292,0.6642857142857143,127,140
4F84_ACBEDF_,train,0.9145299145299145,0.21442885771543085,117,499
4F84_ACBEDF_,train,0.9826086956521739,0.5621890547263682,115,201
4F84_ACBEDF_,train,0.9652173913043478,0.33134328358208953,115,335
4F84_ACBEDF_,train,0.9338842975206612,0.5355450236966824,121,211
4F84_ACBEDF_,train,0.95,0.22485207100591717,120,507
4F84_ACBEDF_,train,0.9663865546218487,0.47717842323651455,119,241
1JG4_A_,train,0.9950248756218906,0.6451612903225806,201,310
5NNO_AB_,train,0.7755102040816326,0.3035143769968051,245,626
5NNO_AB_,train,0.6390041493775933,0.27450980392156865,241,561
3W4Y_AC_,train,0.6339869281045751,0.7698412698412699,306,252
3W4Y_AC_,train,0.903448275862069,0.656641604010025,290,399
2V3A_A_,train,0.8047138047138047,0.6713483146067416,297,356
3GYJ_A_,train,1.0,0.5962732919254659,288,483
3R03_AB_,train,0.6967213114754098,0.3811659192825112,122,223
3HYO_A_,train,0.9862068965517241,0.6244541484716157,145,229
4IB1_AS_,train,1.0,0.49258160237388726,166,337
5G5G_ACB_,train,1.0,0.5309882747068677,317,597
1ASH_A_,train,0.7054263565891473,0.8272727272727273,258,220
1NBI_ACBD_,train,0.9943820224719101,0.345703125,178,512
1NBI_ACBD_,train,0.98,0.3783783783783784,200,518
1NBI_ACBD_,train,0.9792746113989638,0.44575471698113206,193,424
1NBI_ACBD_,train,0.8350515463917526,0.38571428571428573,194,420
4HNH_A_,train,0.8247863247863247,0.7338403041825095,234,263
6C7Y_AB_,train,0.872093023255814,0.42134831460674155,172,356
2ECK_A_,train,0.9935897435897436,0.2753108348134991,156,563
1W5S_A_,train,1.0,0.5396341463414634,177,328
5HTX_A_,train,0.6351351351351351,0.8034188034188035,148,117
3RTL_A_,train,0.7865168539325843,0.9090909090909091,178,154
1Z9N_AB_,train,0.7575757575757576,0.5263157894736842,132,190
1XDI_ACBD_,train,0.8621794871794872,0.11634948096885814,312,2312
1P3U_A_,train,0.8146341463414634,0.7389380530973452,205,226
4IY0_AB_,train,0.5608108108108109,0.8137254901960784,148,102
3GWN_AB_,train,0.8424908424908425,0.4581673306772908,273,502
3GWN_AB_,train,0.9087301587301587,0.6205962059620597,252,369
1QAX_AB_,train,0.97265625,0.41989881956155145,256,593
3DME_AB_,train,0.7507788161993769,0.6276041666666666,321,384
3DME_AB_,train,0.7987421383647799,0.6446700507614214,318,394
5JGL_A_,train,0.6265822784810127,0.6923076923076923,158,143
4G7R_ACB_,train,1.0,0.3898305084745763,299,767
5KTC_A_,train,0.5394190871369294,0.44673539518900346,241,291
3S1C_A_,train,0.5366666666666666,0.32857142857142857,300,490
4JLV_A_,train,0.868421052631579,0.7333333333333333,114,135
3BTS_ABEF_,train,0.6137339055793991,0.3184855233853007,233,449
3BTS_ABEF_,train,0.6130434782608696,0.3190045248868778,230,442
5EZ7_A_,train,0.9537953795379538,0.6071428571428571,303,476
4NHE_AB_,train,0.5374449339207048,0.7093023255813954,227,172
5EIN_ACBEDF_,train,0.570281124497992,0.5612648221343873,249,253
5EIN_ACBEDF_,train,0.6144578313253012,0.5730337078651685,249,267
2DVM_AB_,train,0.5412844036697247,0.8027210884353742,218,147
4GT8_A_,train,0.6923076923076923,0.7333333333333333,143,135
1O2D_A_,train,0.7269076305220884,0.5339233038348082,249,339
3FH0_AB_,train,0.910958904109589,0.6186046511627907,146,215
3FH0_AB_,train,0.9379310344827586,0.5836909871244635,145,233
4WW9_AB_,train,0.7687074829931972,0.7583892617449665,147,149
2DPM_A_,train,0.8977272727272727,0.8102564102564103,176,195
2CNQ_A_,train,0.5473684210526316,0.2549019607843137,95,204
4YHB_A_,train,0.7112676056338029,0.831275720164609,284,243
5XV0_AB_,train,0.9888888888888889,0.6863753213367609,270,389
5XV0_AB_,train,0.9884615384615385,0.550321199143469,260,467
4ZE2_A_,train,0.9962546816479401,0.5495867768595041,267,484
3OZX_A_,train,0.6039603960396039,0.1189083820662768,101,513
3OZX_A_,train,0.6666666666666666,0.7010309278350515,102,97
4R3L_AB_,train,0.8233082706766918,0.7203947368421053,266,304
4RVO_AB_,train,0.7701863354037267,0.24313725490196078,161,510
1O51_ACB_,train,0.7922077922077922,0.6455026455026455,154,189
1O51_ACB_,train,0.8260869565217391,0.6394230769230769,161,208
1O51_ACB_,train,0.8278145695364238,0.628140703517588,151,199
5IV0_ACBEDF_,train,0.9629629629629629,0.19746835443037974,162,790
5IV0_ACBEDF_,train,0.950920245398773,0.24371069182389937,163,636
5IV0_ACBEDF_,train,1.0,0.1987878787878788,164,825
5IV0_ACBEDF_,train,1.0,0.23269513991163476,158,679
5L8J_AB_,train,0.6984126984126984,0.42105263157894735,126,209
3T37_AB_,train,1.0,0.6145251396648045,330,537
3T37_AB_,train,1.0,0.5191082802547771,326,628
3DMH_A_,train,0.9157894736842105,0.6641221374045801,190,262
4YC4_A_,train,0.5816326530612245,0.36075949367088606,98,158
2B0Q_A_,train,0.8888888888888888,0.6846846846846847,171,222
5KL9_ACBD_,train,0.5967741935483871,0.41263940520446096,186,269
5KL9_ACBD_,train,0.67,0.4161490683229814,200,322
4R1F_AB_,train,0.5636363636363636,0.6690647482014388,165,139
5GI8_A_,train,0.8960396039603961,0.4160919540229885,202,435
3KA7_A_,train,0.8846153846153846,0.5587044534412956,312,494
4FWF_AE_,train,0.9912280701754386,0.653179190751445,342,519
1CMC_AB_,train,0.7007874015748031,0.9081632653061225,127,98
1X7P_AB_,train,0.7660818713450293,0.48518518518518516,171,270
4PGH_AB_,train,0.6083916083916084,0.1695906432748538,143,513
5MVF_AB_,train,0.869281045751634,0.6456310679611651,153,206
5N0S_AB_,train,0.9707602339181286,0.6240601503759399,171,266
5N0S_AB_,train,1.0,0.14838129496402877,165,1112
1RFV_AB_,train,0.8014184397163121,0.40942028985507245,141,276
1RFV_AB_,train,0.8013245033112583,0.4019933554817276,151,301
4IDG_AB_,train,0.9839357429718876,0.39389067524115756,249,622
4IDG_AB_,train,0.7688888888888888,0.4792243767313019,225,361
3C4N_AB_,train,0.8175675675675675,0.3467048710601719,148,349
3SMS_AB_,train,0.5328947368421053,0.27835051546391754,152,291
1EFP_AB_,train,0.6855123674911661,0.825531914893617,283,235
2NWB_ACBD_,train,0.9404761904761905,0.5278396436525612,252,449
1S20_AB_,train,0.832,0.09043478260869565,250,2300
3QXY_AP_,train,0.9759036144578314,0.6585365853658537,166,246
2PBJ_AB_,train,0.5605095541401274,0.624113475177305,157,141
2PBJ_AB_,train,0.7168674698795181,0.5483870967741935,166,217
3FWY_AB_,train,0.7801418439716312,0.19298245614035087,141,570
3FWY_AB_,train,0.6102941176470589,0.5496688741721855,136,151
5GWX_A_,train,0.7090909090909091,0.2969543147208122,165,394
3VQR_AB_,train,1.0,0.3,315,1050
3VQR_AB_,train,0.9873817034700315,0.5828677839851024,317,537
3VET_A_,train,1.0,0.30656934306569344,168,548
1JM6_AB_,train,0.8533333333333334,0.7664670658682635,150,167
1JM6_AB_,train,1.0,0.2678260869565217,154,575
3O7W_A_,train,0.8628571428571429,0.438953488372093,175,344
4FZB_ACBD_,train,0.8631178707224335,0.2197483059051307,263,1033
1JAY_AB_,train,0.6096491228070176,0.5864978902953587,228,237
1JAY_AB_,train,0.9478260869565217,0.7077922077922078,230,308
4CNK_A_,train,0.9578313253012049,0.7327188940092166,332,434
4EUF_A_,train,0.646551724137931,0.273224043715847,232,549
1SIQ_ACBD_,train,1.0,0.4016887816646562,333,829
1SIQ_ACBD_,train,0.8181818181818182,0.47957371225577267,330,563
1SIQ_ACBD_,train,1.0,0.42765685019206146,334,781
1SIQ_ACBD_,train,1.0,0.4370179948586118,340,778
1D4O_A_,train,0.8138528138528138,0.7014925373134329,231,268
1TAE_A_,train,0.8153846153846154,0.39849624060150374,260,532
1XJK_AB_,train,0.9,0.3333333333333333,120,324
5O0X_A_,train,0.7282608695652174,0.42948717948717946,184,312
1TOX_AC_,train,0.5728643216080402,0.27014218009478674,199,422
2FOI_ACBD_,train,0.9878542510121457,0.4756335282651072,247,513
2QE6_A_,train,0.8727272727272727,0.35467980295566504,165,406
1EYY_AD_,train,0.9479768786127167,0.231311706629055,173,709
1EYY_AD_,train,0.9272727272727272,0.30538922155688625,165,501
4GC9_A_,train,0.9351851851851852,0.8744588744588745,216,231
1Z5B_AB_,train,1.0,0.5652173913043478,156,276
1Z5B_AB_,train,1.0,0.4623955431754875,166,359
3NX4_AB_,train,0.77431906614786,0.6440129449838188,257,309
3NX4_AB_,train,1.0,0.35359116022099446,256,724
1CFM_ACB_,train,0.9824561403508771,0.9090909090909091,285,308
1CFM_ACB_,train,0.9548611111111112,0.5926724137931034,288,464
4NL4_H_,train,0.8333333333333334,0.17632241813602015,84,397
5HG0_AB_,train,1.0,0.3710691823899371,177,477
5HG0_AB_,train,1.0,0.25379939209726443,167,658
4JK3_A_,train,0.6748971193415638,0.8770053475935828,243,187
1LH3_A_,train,0.9381818181818182,0.7288135593220338,275,354
5WGV_A_,train,0.9875776397515528,0.6127167630057804,322,519
4V1T_ACBD_,train,0.9771428571428571,0.456,175,375
4V1T_ACBD_,train,0.6936416184971098,0.5309734513274337,173,226
1VLJ_AB_,train,0.706959706959707,0.5092348284960422,273,379
2HRU_A_,train,0.7446808510638298,0.3710247349823322,141,283
3GRY_A_,train,0.7988826815642458,0.5238095238095238,179,273
3PNB_AEDGFH_,train,0.8253968253968254,0.04189044038668099,189,3724
2J4D_A_,train,0.947565543071161,0.7333333333333333,267,345
3HY6_A_,train,1.0,0.1945288753799392,64,329
4X9N_A_,train,1.0,0.7296137339055794,340,466
1TH8_ACBD_,train,0.8486842105263158,0.5265306122448979,152,245
1TH8_ACBD_,train,0.8758169934640523,0.5193798449612403,153,258
1LSW_A_,train,0.9473684210526315,0.9,285,300
2IL4_A_,train,0.6264367816091954,0.8861788617886179,174,123
5W7P_AB_,train,0.8894736842105263,0.36980306345733044,190,457
2ZQX_A_,train,1.0,0.5028901734104047,261,519
3V4S_AB_,train,0.8159509202453987,0.7687861271676301,163,173
2WET_AD_,train,0.9032258064516129,0.5519713261648745,341,558
3X0V_AC_,train,0.9753086419753086,0.3468715697036224,324,911
1W6U_ACBD_,train,0.645021645021645,0.6772727272727272,231,220
1W6U_ACBD_,train,0.7083333333333334,0.6415094339622641,240,265
1W6U_ACBD_,train,0.634703196347032,0.6150442477876106,219,226
1W6U_ACBD_,train,0.827433628318584,0.6448275862068965,226,290
4UQO_A_,train,0.5673076923076923,0.4573643410852713,104,129
5BW4_A_,train,0.6878306878306878,0.9027777777777778,189,144
1S66_UL_,train,0.9420289855072463,0.8333333333333334,276,312
1S66_UL_,train,0.9243027888446215,0.8285714285714286,251,280
6EDD_A_,train,0.9422222222222222,0.4732142857142857,225,448
2NXE_A_,train,0.7712418300653595,0.5363636363636364,153,220
2VOU_AD_,train,0.9927797833935018,0.3321256038647343,277,828
3KLJ_A_,train,0.6366459627329193,0.3996101364522417,322,513
1HSK_A_,train,0.9478527607361963,0.5421052631578948,326,570
5EO2_AD_,train,0.6174863387978142,0.4124087591240876,183,274
4JXC_A_,train,1.0,0.38620689655172413,168,435
4CW7_HG_,train,0.5585585585585585,0.39490445859872614,111,157
3PM9_AB_,train,0.9390681003584229,0.5303643724696356,279,494
3PM9_AB_,train,0.9490909090909091,0.5414937759336099,275,482
5LXM_AD_,train,0.75,0.39325842696629215,140,267
2R2G_AB_,train,0.6666666666666666,0.4198895027624309,228,362
1XX6_AB_,train,0.5877192982456141,0.41358024691358025,114,162
4N49_A_,train,0.6428571428571429,0.6067415730337079,168,178
1LSS_AB_,train,0.5325443786982249,0.8823529411764706,169,102
1LSS_AB_,train,0.6352941176470588,0.9230769230769231,170,117
3N7U_AB_,train,0.6811594202898551,0.5295774647887324,276,355
3N7U_AB_,train,0.7323943661971831,0.7703703703703704,284,270
3FD6_AB_,train,0.9627329192546584,0.41778975741239893,161,371
3FD6_AB_,train,0.9801324503311258,0.2638146167557932,151,561
3A0T_A_,train,0.9822485207100592,0.5804195804195804,169,286
2G3H_A_,train,0.8031496062992126,0.8192771084337349,254,249
3RNO_AB_,train,0.6349206349206349,0.36809815950920244,189,326
1FCD_AC_,train,0.9827586206896551,0.6433408577878104,290,443
3E4W_A_,train,1.0,0.5676229508196722,277,488
4M20_ACBD_,train,0.7886178861788617,0.223760092272203,246,867
4M20_ACBD_,train,0.758893280632411,0.573134328358209,253,335
6BWC_ACBEDF_,train,1.0,0.05,3,60
1VE3_AC_,train,0.7650273224043715,0.4294478527607362,183,326
3C9U_AB_,train,1.0,0.48757763975155277,157,322
3C9U_AB_,train,0.9215686274509803,0.32413793103448274,153,435
3A5L_SC_,train,0.6770186335403726,0.3438485804416404,161,317
4YSJ_A_,train,0.6339869281045751,0.4898989898989899,153,198
3E8X_AB_,train,0.935361216730038,0.5843230403800475,263,421
3E8X_AB_,train,0.9389312977099237,0.5503355704697986,262,447
3C63_ACBD_,train,0.7113821138211383,0.5192878338278932,246,337
3C63_ACBD_,train,0.6861924686192469,0.5754385964912281,239,285
3C63_ACBD_,train,0.7261904761904762,0.6879699248120301,252,266
3C63_ACBD_,train,0.7172131147540983,0.6183745583038869,244,283
2BGI_A_,train,0.859375,0.5612244897959183,256,392
1UJ2_ACBD_,train,0.5794392523364486,0.25203252032520324,107,246
1UJ2_ACBD_,train,0.652542372881356,0.29389312977099236,118,262
1UJ2_ACBD_,train,0.7264957264957265,0.24285714285714285,117,350
1UJ2_ACBD_,train,0.5092592592592593,0.23504273504273504,108,234
2PGN_ACBD_,train,0.6984615384615385,0.40319715808170514,325,563
2HTI_AB_,train,0.7946768060836502,0.4976190476190476,263,420
3A27_A_,train,0.6766467065868264,0.44140625,167,256
1NHG_ACBD_,train,0.5477178423236515,0.5546218487394958,241,238
1NHG_ACBD_,train,0.9766536964980544,0.5,257,502
1CXY_A_,train,0.8352490421455939,0.9478260869565217,261,230
3TLX_A_,train,0.9733333333333334,0.25524475524475526,150,572
3TSU_A_,train,0.958904109589041,0.19914651493598862,146,703
5CZY_A_,train,0.655367231638418,0.5979381443298969,177,194
3OU6_AD_,train,1.0,0.6089385474860335,218,358
2WM3_A_,train,0.6541666666666667,0.5164473684210527,240,304
4PRX_AB_,train,0.968944099378882,0.42391304347826086,161,368
4PRX_AB_,train,0.9695121951219512,0.4274193548387097,164,372
5IFW_ACBD_,train,0.9777777777777777,0.26506024096385544,135,498
5IFW_ACBD_,train,0.9774436090225563,0.2771855010660981,133,469
2GQU_A_,train,0.9733333333333334,0.5910931174089069,300,494
4NE2_AC_,train,0.7898089171974523,0.256198347107438,157,484
4NE2_AC_,train,0.9202453987730062,0.25773195876288657,163,582
3KH5_A_,train,0.9419354838709677,0.26691042047531993,155,547
1ZH8_AB_,train,0.9003690036900369,0.5768321513002365,271,423
1ZH8_AB_,train,0.8656716417910447,0.5658536585365853,268,410
4FCW_A_,train,0.9675324675324676,0.7268292682926829,154,205
4PL4_AB_,train,0.6133333333333333,0.7131782945736435,150,129
1W7K_A_,train,0.9938650306748467,0.38028169014084506,163,426
4U0U_AB_,train,0.740506329113924,0.7005988023952096,158,167
4U0U_AB_,train,0.6012658227848101,0.8333333333333334,158,114
4E0I_AB_,train,0.8692579505300353,0.7834394904458599,283,314
4E0I_AB_,train,0.9689655172413794,0.545631067961165,290,515
6AWG_AB_,train,0.673202614379085,0.2614213197969543,153,394
5ZAI_ACBEDF_,train,0.5467980295566502,0.5842105263157895,203,190
5ZAI_ACBEDF_,train,0.5741626794258373,0.6382978723404256,209,188
1BGN_AB_,train,0.9194630872483222,0.6342592592592593,298,432
1BGN_AB_,train,0.9616613418530351,0.5636704119850188,313,534
3CAR_A_,train,0.5773584905660377,0.35172413793103446,265,435
2B9E_A_,train,0.5882352941176471,0.7751937984496124,170,129
6CII_A_,train,0.8438661710037175,0.7418300653594772,269,306
2H4F_AD_,train,0.9163498098859315,0.610126582278481,263,395
4IV9_AB_,train,1.0,0.5284552845528455,325,615
3T7A_A_,train,0.9933774834437086,0.352112676056338,151,426
3H8L_AB_,train,0.6992753623188406,0.7018181818181818,276,275
3H8L_AB_,train,0.7619047619047619,0.3531409168081494,273,589
2REQ_AB_,train,0.8,0.29473684210526313,70,190
2RGJ_A_,train,0.75,0.4446902654867257,268,452
3TNQ_AB_,train,0.8024691358024691,0.7878787878787878,162,165
5BUK_A_,train,0.8949044585987261,0.6803874092009685,314,413
5YJL_AB_,train,0.5541666666666667,0.24094202898550723,240,552
1YLI_ACBEDF_,train,0.5095238095238095,0.11157455683003129,210,959
4KVL_A_,train,0.92,0.729106628242075,275,347
5GZA_A_,train,0.84375,0.6,160,225
5VJ1_ACED_,train,0.9619047619047619,0.7680608365019012,210,263
2BAC_A_,train,0.8651315789473685,0.4679715302491103,304,562
3U9E_AB_,train,0.5192307692307693,0.3176470588235294,104,170
3U9E_AB_,train,0.6209677419354839,0.5099337748344371,124,151
1UM8_A_,train,1.0,0.5318352059925093,142,267
3SYI_AB_,train,0.9142857142857143,0.4155844155844156,280,616
5JZX_AC_,train,0.5083056478405316,0.3422818791946309,301,447
5JZX_AC_,train,1.0,0.3797313797313797,311,819
2H63_AC_,train,0.6965174129353234,0.5577689243027888,201,251
2H63_AC_,train,0.7164948453608248,0.40762463343108507,194,341
4XGX_AB_,train,0.9259259259259259,0.48231511254019294,162,311
4XGX_AB_,train,0.8378378378378378,0.4397163120567376,148,282
1EIZ_A_,train,0.8081395348837209,0.702020202020202,172,198
3E23_A_,train,1.0,0.3958333333333333,190,480
5HMN_CE_,train,0.6233766233766234,0.6486486486486487,231,222
5HMN_CE_,train,0.6244131455399061,0.7471910112359551,213,178
2YWL_AB_,train,0.9965753424657534,0.6720554272517321,292,433
2YWL_AB_,train,0.6468646864686468,0.8448275862068966,303,232
5EGJ_ACBEDF_,train,0.5616438356164384,0.21317157712305027,219,577
5EGJ_ACBEDF_,train,0.59375,0.3181818181818182,224,418
5EGJ_ACBEDF_,train,0.6880733944954128,0.352112676056338,218,426
5EGJ_ACBEDF_,train,0.6905829596412556,0.39285714285714285,223,392
4KRH_A_,train,0.9759615384615384,0.6077844311377245,208,334
4UUR_A_,train,0.9147286821705426,0.8368794326241135,258,282
1MJ9_A_,train,0.9220183486238532,0.4962962962962963,218,405
2Q2R_AB_,train,0.5089285714285714,0.7307692307692307,112,78
4H6Q_A_,train,0.7707509881422925,0.7358490566037735,253,265
5CM7_AB_,train,0.562962962962963,0.5891472868217055,135,129
5CM7_AB_,train,0.7552447552447552,0.5714285714285714,143,189
1VB6_AB_,train,0.8725868725868726,0.8248175182481752,259,274
4NM5_ACB_,train,0.8031496062992126,0.5204081632653061,127,196
1ZAR_A_,train,0.6875,0.792,144,125
4NJJ_AB_,train,0.9157303370786517,0.5884476534296029,178,277
4NJJ_AB_,train,0.8202247191011236,0.5703125,178,256
1MOK_AB_,train,0.8980263157894737,0.5960698689956332,304,458
1MOK_AB_,train,0.9965870307167235,0.3505402160864346,293,833
4KQB_A_,train,0.7050359712230215,0.7596899224806202,139,129
3BWC_AB_,train,0.788235294117647,0.3621621621621622,170,370
3BWC_AB_,train,0.8493975903614458,0.32265446224256294,166,437
3B9J_ACB_,train,0.5857142857142857,0.6507936507936508,280,252
3CR7_AB_,train,0.6324786324786325,0.24749163879598662,117,299
3CR7_AB_,train,0.5877192982456141,0.2596899224806202,114,258
3G89_A_,train,0.5074626865671642,0.7311827956989247,134,93
6AQP_ACBD_,train,0.5747663551401869,0.5125,214,240
6AQP_ACBD_,train,0.5807860262008734,0.5037878787878788,229,264
6AQP_ACBD_,train,0.5779816513761468,0.5206611570247934,218,242
2GF6_ABEF_,train,0.5675675675675675,0.5650224215246636,222,223
2GF6_ABEF_,train,0.6064814814814815,0.5874439461883408,216,223
2GF6_ABEF_,train,0.6278026905829597,0.5714285714285714,223,245
5LDG_A_,train,1.0,0.6203904555314533,286,461
1N45_A_,train,0.684931506849315,0.4934210526315789,219,304
2RGH_AB_,train,0.9675324675324676,0.3962765957446808,308,752
2RGH_AB_,train,0.6146496815286624,0.5092348284960422,314,379
1XA4_AB_,train,0.6153846153846154,0.1195079086115993,221,1138
4BJZ_AB_,train,0.7152777777777778,0.5738161559888579,288,359
4BJZ_AB_,train,0.8172043010752689,0.5135135135135135,279,444
5B50_A_,train,0.6123595505617978,0.7569444444444444,178,144
3UDS_A_,train,0.9657534246575342,0.3780160857908847,146,373
1RI4_A_,train,0.961038961038961,0.4088397790055249,154,362
2D2I_ACBD_,train,0.9715447154471545,0.15489306545690215,246,1543
2D2I_ACBD_,train,0.9876543209876543,0.31413612565445026,243,764
2D2I_ACBD_,train,0.9300411522633745,0.27327690447400244,243,827
5EC0_A_,train,0.5644171779141104,0.42790697674418604,163,215
5JR7_AB_,train,1.0,0.47337278106508873,160,338
5O9U_AC_,train,0.9420289855072463,0.4503464203233256,207,433
1GSA_ACBD_,train,1.0,0.05847953216374269,10,171
1GSA_ACBD_,train,1.0,0.06547619047619048,11,168
1GSA_ACBD_,train,1.0,0.062146892655367235,11,177
1GSA_ACBD_,train,1.0,0.055900621118012424,9,161
2Y8Q_ABE_,train,0.7318840579710145,0.226457399103139,138,446
2CH6_AD_,train,0.8333333333333334,0.3625,174,400
4PSW_ACB_,train,0.6994219653179191,0.8897058823529411,173,136
2GQ3_A_,train,0.678714859437751,0.32751937984496127,249,516
1PN0_AC_,train,1.0,0.48600883652430044,330,679
1PN0_AC_,train,0.8801498127340824,0.5555555555555556,267,423
4I3Z_AB_,train,0.704225352112676,0.6493506493506493,142,154
6CIQ_AD_,train,0.6094674556213018,0.08484349258649095,169,1214
5TKR_AB_,train,0.5502958579881657,0.3795918367346939,169,245
6B2M_ACBEDF_,train,0.8666666666666667,0.1716171617161716,180,909
6B2M_ACBEDF_,train,0.6804733727810651,0.19861830742659758,169,579
4FNH_AB_,train,0.9090909090909091,0.8387096774193549,286,310
4FNH_AB_,train,0.7992831541218638,0.8779527559055118,279,254
5VLD_AB_,train,0.8204081632653061,0.6036036036036037,245,333
5VLD_AB_,train,0.6735537190082644,0.6059479553903345,242,269
3RVD_ACBDIJ_,train,0.8249027237354085,0.20662768031189083,257,1026
3RVD_ACBDIJ_,train,0.8692579505300353,0.5135699373695198,283,479
2QB5_A_,train,1.0,0.33970276008492567,160,471
4DMG_AB_,train,0.7244897959183674,0.3776595744680851,196,376
4DMG_AB_,train,0.655367231638418,0.4,177,290
3ZL8_A_,train,0.9937106918238994,0.4146981627296588,159,381
5IQX_A_,train,0.6345381526104418,0.88268156424581,249,179
6C90_AB_,train,0.5701754385964912,0.37572254335260113,114,173
2JA3_AB_,train,0.6564885496183206,0.35537190082644626,131,242
4GUT_AB_,train,1.0,0.7158351409978309,330,461
1YVK_ACBD_,train,0.680161943319838,0.6363636363636364,247,264
1YVK_ACBD_,train,0.7232142857142857,0.5586206896551724,224,290
1YVK_ACBD_,train,0.7545454545454545,0.7649769585253456,220,217
1YVK_ACBD_,train,0.8325581395348837,0.455470737913486,215,393
3D2D_A_,train,0.9932432432432432,0.5719844357976653,296,514
6B5D_A_,train,0.7,0.5283018867924528,120,159
3WV7_ACB_,train,0.8717948717948718,0.337468982630273,156,403
4N09_A_,train,0.9534883720930233,0.2887323943661972,172,568
4U9Y_A_,train,0.9117647058823529,0.7315634218289085,272,339
3TPT_A_,train,1.0,0.5085324232081911,149,293
4ZV3_ACB_,train,0.7613168724279835,0.3333333333333333,243,555
4ZV3_ACB_,train,0.8023255813953488,0.25555555555555554,258,810
4ZV3_ACB_,train,0.8870967741935484,0.26537997587454765,248,829
3LD2_A_,train,0.852589641434263,0.6184971098265896,251,346
4UIQ_CB_,train,0.8117154811715481,0.7293233082706767,239,266
4UIQ_CB_,train,0.8284518828451883,0.7734375,239,256
3LL9_AB_,train,0.703125,0.24128686327077747,128,373
3LL9_AB_,train,0.7222222222222222,0.2630057803468208,126,346
4BUB_A_,train,0.9668874172185431,0.41359773371104813,151,353
2OZG_ACBEDF_,train,0.8629032258064516,0.29155313351498635,248,734
2OZG_ACBEDF_,train,0.8943089430894309,0.3554119547657512,246,619
6F95_ACBED_,train,0.7969924812030075,0.2324561403508772,133,456
6F95_ACBED_,train,0.921875,0.3268698060941828,128,361
3SN5_A_,train,0.9077490774907749,0.4066115702479339,271,605
4K0B_ACBD_,train,0.9270833333333334,0.4063926940639269,192,438
4K0B_ACBD_,train,0.8526315789473684,0.54,190,300
3EMB_A_,train,0.9883720930232558,0.5345911949685535,172,318
2BUN_A_,train,0.8253968253968254,0.8914285714285715,189,175
3M6I_ACED_,train,0.6497890295358649,0.4128686327077748,237,373
3M6I_ACED_,train,0.6653225806451613,0.5238095238095238,248,315
3M6I_ACED_,train,0.6419753086419753,0.5048543689320388,243,309
3M6I_ACED_,train,0.7068965517241379,0.4568245125348189,232,359
3QZX_AB_,train,1.0,0.6737089201877934,287,426
3QZX_AB_,train,1.0,0.6239130434782608,287,460
1VPT_AB_,train,0.7770700636942676,0.32105263157894737,157,380
1VPT_AB_,train,0.7133757961783439,0.7272727272727273,157,154
2O2Z_AB_,train,0.7688172043010753,0.3333333333333333,186,429
4OI2_A_,train,0.9620253164556962,0.3958333333333333,158,384
6A5K_A_,train,0.7428571428571429,0.5462184873949579,175,238
3NYC_A_,train,1.0,0.6450980392156863,329,510
3K9V_A_,train,1.0,0.608421052631579,289,475
3CR3_ACBD_,train,0.9693251533742331,0.4968553459119497,163,318
3CR3_ACBD_,train,0.8963414634146342,0.2578947368421053,164,570
2HQ9_AB_,train,0.7518796992481203,0.7905138339920948,266,253
2HQ9_AB_,train,0.6602316602316602,0.7916666666666666,259,216
1X7D_AB_,train,0.8181818181818182,0.6506024096385542,264,332
1X7D_AB_,train,0.7751937984496124,0.6920415224913494,258,289
2D0O_ACBD_,train,0.632258064516129,0.3712121212121212,155,264
1DJL_AB_,train,0.8142292490118577,0.6936026936026936,253,297
1DJL_AB_,train,0.844,0.5702702702702702,250,370
5X1Y_CB_,train,0.8370165745856354,0.3474770642201835,362,872
5FRD_A_,train,0.5317073170731708,0.5505050505050505,205,198
5TVA_A_,train,0.7796610169491526,0.4412470023980815,236,417
4EHY_A_,train,1.0,0.351931330472103,164,466
3GD3_A_,train,0.9937694704049844,0.5343383584589615,321,597
1RJD_A_,train,0.9948979591836735,0.4431818181818182,196,440
3I0O_A_,train,0.7377049180327869,0.4017857142857143,122,224
5C8T_AB_,train,0.7692307692307693,0.32171581769436997,156,373
5NFJ_A_,train,0.9948717948717949,0.6928571428571428,195,280
1JBQ_AB_,train,0.6865079365079365,0.67578125,252,256
1JBQ_AB_,train,0.6495726495726496,0.6129032258064516,234,248
5F5N_AB_,train,0.6478260869565218,0.45987654320987653,230,324
5F5N_AB_,train,0.8767123287671232,0.4059196617336152,219,473
6HFV_A_,train,0.9830508474576272,0.7397959183673469,295,392
5O8I_AB_,train,0.6028368794326241,0.9239130434782609,141,92
5EZ3_AB_,train,0.6911764705882353,0.7366771159874608,340,319
5EZ3_AB_,train,1.0,0.6351606805293005,336,529
2O28_AB_,train,0.580952380952381,0.4621212121212121,210,264
2O28_AB_,train,0.7714285714285715,0.6328125,210,256
1DIR_ACBD_,train,0.9746835443037974,0.559322033898305,237,413
1DIR_ACBD_,train,0.9567099567099567,0.574025974025974,231,385
6HEG_A_,train,0.9029850746268657,0.2688888888888889,134,450
5YF0_AB_,train,0.7865853658536586,0.75,164,172
5YF0_AB_,train,1.0,0.4701298701298701,181,385
3ZBN_AB_,train,0.7676767676767676,0.48717948717948717,198,312
3MB5_ACBD_,train,0.6123595505617978,0.09828674481514878,178,1109
3MB5_ACBD_,train,0.6536312849162011,0.08938120702826585,179,1309
3MB5_ACBD_,train,0.6235955056179775,0.7350993377483444,178,151
3OA0_ACBD_,train,0.889344262295082,0.1523876404494382,244,1424
3OA0_ACBD_,train,0.6101694915254238,0.37209302325581395,236,387
2ZAO_A_,train,0.9607843137254902,0.6150627615062761,153,239
2GJ3_AB_,train,0.7148936170212766,0.8888888888888888,235,189
2GJ3_AB_,train,0.7920353982300885,0.9322916666666666,226,192
1Y3I_ACBD_,train,0.7684729064039408,0.7572815533980582,203,206
1Y3I_ACBD_,train,0.7814207650273224,0.6163793103448276,183,232
1Y3I_ACBD_,train,0.7204301075268817,0.5234375,186,256
1Y3I_ACBD_,train,0.6683417085427136,0.6186046511627907,199,215
2E2Q_AB_,train,0.5087719298245614,0.30633802816901406,171,284
4DSG_A_,train,0.7597402597402597,0.4098073555166375,308,571
3G5R_A_,train,0.9392857142857143,0.7557471264367817,280,348
2ONF_AB_,train,0.5398230088495575,0.8356164383561644,226,146
4GCZ_AB_,train,0.9580838323353293,0.5536332179930796,167,289
4KUB_A_,train,0.8493150684931506,0.523943661971831,219,355
3QCP_A_,train,0.9763513513513513,0.6422222222222222,296,450
4FR0_A_,train,0.9037433155080213,0.7752293577981652,187,218
6F3F_A_,train,0.6824324324324325,0.27900552486187846,148,362
6F3Q_ACBD_,train,0.7873134328358209,0.5656836461126006,268,373
6F3Q_ACBD_,train,1.0,0.4645390070921986,262,564
6F3Q_ACBD_,train,1.0,0.3881019830028329,274,706
6F3Q_ACBD_,train,1.0,0.3203026481715006,254,793
4NV7_A_,train,0.673728813559322,0.6068702290076335,236,262
4CIU_A_,train,0.937984496124031,0.599009900990099,129,202
4CIU_A_,train,0.99375,0.5264900662251656,160,302
5FA8_A_,train,0.7558139534883721,0.9027777777777778,172,144
4DF3_A_,train,0.6444444444444445,0.9354838709677419,180,124
4GQK_A_,train,0.9659863945578231,0.6543778801843319,147,217
1M54_AB_,train,0.6025641025641025,0.5685483870967742,234,248
1M54_AB_,train,0.5152838427947598,0.5841584158415841,229,202
4JAQ_CD_,train,0.6763285024154589,0.7865168539325843,207,178
4IVM_B_,train,0.9010238907849829,0.5207100591715976,293,507
3R24_AB_,train,0.6648351648351648,0.8402777777777778,182,144
5M7P_AB_,train,0.7837837837837838,0.6073298429319371,148,191
5M7P_AB_,train,0.9932885906040269,0.36363636363636365,149,407
1H74_AB_,train,0.7463768115942029,0.3814814814814815,138,270
3QXH_AB_,train,0.5346534653465347,0.19708029197080293,101,274
2B5O_A_,train,0.6587677725118484,0.47440273037542663,211,293
2CG5_AB_,train,0.9213483146067416,0.6096654275092936,178,269
2WHX_AC_,train,0.8404255319148937,0.2801418439716312,94,282
1M4D_AB_,train,0.9578947368421052,0.5141242937853108,190,354
3NIX_A_,train,0.9968354430379747,0.6415478615071283,316,491
1HBI_AB_,train,0.9553264604810997,0.3564102564102564,291,780
5O1M_A_,train,1.0,0.6782407407407407,293,432
1OR6_AB_,train,0.8483606557377049,0.7992277992277992,244,259
1OR6_AB_,train,0.7821011673151751,0.8626609442060086,257,233
3AH5_ACBD_,train,1.0,0.11229735073151444,284,2529
5HWR_AB_,train,0.5272727272727272,0.4566929133858268,220,254
2AWN_AB_,train,0.5294117647058824,0.6716417910447762,85,67
2AWN_AB_,train,0.5060240963855421,0.5675675675675675,83,74
5ERR_AB_,train,0.9121621621621622,0.16896120150187735,148,799
2AKO_AB_,train,0.7,0.34539473684210525,150,304
2AKO_AB_,train,0.8475609756097561,0.7988505747126436,164,174
3IN1_ACBD_,train,0.717948717948718,0.07436918990703852,156,1506
2YYM_ACBD_,train,0.9867549668874173,0.18848829854522453,302,1581
2YYM_ACBD_,train,0.9967105263157895,0.18726823238566132,304,1618
1NY5_AB_,train,1.0,0.6171875,158,256
1S5K_AB_,train,0.71875,0.5875912408759124,224,274
1S5K_AB_,train,0.7079646017699115,0.7619047619047619,226,210
5DMH_A_,train,1.0,0.3925619834710744,190,484
3PVC_A_,train,0.9785932721712538,0.5745062836624776,327,557
5MSU_C_,train,1.0,0.5091277890466531,251,493
3NHB_A_,train,0.66,0.6804123711340206,100,97
2R3A_A_,train,0.7804878048780488,0.7529411764705882,164,170
1CJC_A_,train,0.9911242603550295,0.6517509727626459,338,514
2WWG_AD_,train,0.7699115044247787,0.27884615384615385,113,312
3MQH_ACB_,train,0.8693877551020408,0.3879781420765027,245,549
3MQH_ACB_,train,0.8587786259541985,0.3892733564013841,262,578
3MQH_ACB_,train,0.8319327731092437,0.41509433962264153,238,477
4RZ3_AB_,train,0.9636363636363636,0.16408668730650156,165,969
4KXF_K_,train,0.9811320754716981,0.35697940503432496,159,437
5I39_A_,train,0.9936708860759493,0.5528169014084507,316,568
1PUA_AB_,train,0.8877551020408163,0.6397058823529411,196,272
4EHT_AB_,train,0.7115384615384616,0.4826086956521739,156,230
4EHT_AB_,train,0.7639751552795031,0.5020408163265306,161,245
4ZVA_AB_,train,0.8273092369477911,0.9074889867841409,249,227
4ZVA_AB_,train,0.7598425196850394,0.910377358490566,254,212
5Z2F_ACBD_,train,0.6724137931034483,0.34513274336283184,232,452
5Z2F_ACBD_,train,0.7689075630252101,0.43058823529411766,238,425
5Z2F_ACBD_,train,0.7195121951219512,0.44584382871536526,246,397
5Z2F_ACBD_,train,0.6327433628318584,0.32873563218390806,226,435
3FSB_ACD_,train,0.92018779342723,0.5781710914454278,213,339
3FSB_ACD_,train,0.9383886255924171,0.532258064516129,211,372
5HW4_AB_,train,0.9281437125748503,0.856353591160221,167,181
2V1X_A_,train,0.7107438016528925,0.3524590163934426,121,244
1Z0U_ACBD_,train,0.7705627705627706,0.3869565217391304,231,460
1Z0U_ACBD_,train,0.9565217391304348,0.5225653206650831,230,421
1Z0U_ACBD_,train,0.956140350877193,0.5011494252873563,228,435
1Z0U_ACBD_,train,0.7713004484304933,0.35908141962421714,223,479
3KEO_AB_,train,0.8388429752066116,0.13781398506449424,242,1473
3AYG_A_,train,0.9891304347826086,0.5102803738317757,276,535
3DY5_A_,train,1.0,0.6131868131868132,279,455
4YMG_AB_,train,0.6878306878306878,0.44982698961937717,189,289
4YMG_AB_,train,0.6363636363636364,0.3957597173144876,176,283
3ALM_A_,train,0.7097902097902098,0.3888888888888889,286,522
2FYK_AB_,train,0.6296296296296297,0.11096605744125326,135,766
2FYK_AB_,train,0.8636363636363636,0.2780487804878049,132,410
5EFQ_AB_,train,0.8533333333333334,0.6808510638297872,150,188
2D0W_A_,train,0.896,0.8145454545454546,250,275
4UOH_ACBEDF_,train,0.5703703703703704,0.48125,135,160
4UOH_ACBEDF_,train,0.7681159420289855,0.4669603524229075,138,227
4UOH_ACBEDF_,train,0.5434782608695652,0.42134831460674155,138,178
5TT5_A_,train,0.9322709163346613,0.3436123348017621,251,681
4RVD_A_,train,0.8967391304347826,0.3142857142857143,184,525
1KRH_A_,train,0.6986301369863014,0.583969465648855,219,262
3SXJ_A_,train,0.8465909090909091,0.47151898734177217,176,316
1FNN_A_,train,0.9726027397260274,0.5725806451612904,146,248
5GRF_AB_,train,0.9652777777777778,0.3225058004640371,144,431
1IAH_AB_,train,0.7297297297297297,0.5869565217391305,148,184
5DM3_A_,train,0.5271317829457365,0.9577464788732394,129,71
6BVC_AB_,train,0.7110091743119266,0.7311320754716981,218,212
6BVC_AB_,train,0.7395348837209302,0.412987012987013,215,385
3DTT_AB_,train,0.8540772532188842,0.3685185185185185,233,540
5WX3_AC_,train,0.6937984496124031,0.7336065573770492,258,244
5WX3_AC_,train,0.8410852713178295,0.5977961432506887,258,363
3E1T_A_,train,0.944954128440367,0.6574468085106383,327,470
4LV5_AB_,train,0.7583892617449665,0.4064748201438849,149,278
3GYX_AB_,train,1.0,0.7017543859649122,320,456
2VXK_AB_,train,0.6923076923076923,0.7048192771084337,169,166
4KQW_AB_,train,0.6493506493506493,0.6880733944954128,231,218
4KQW_AB_,train,0.7125,0.6526717557251909,240,262
3G6K_A_,train,0.6888888888888889,0.7175925925925926,225,216
2ZFI_A_,train,0.7815126050420168,0.5166666666666667,119,180
5EOW_A_,train,0.7013888888888888,0.35130434782608694,288,575
3ARL_A_,train,0.7261410788381742,0.8974358974358975,241,195
4KEC_A_,train,0.5245901639344263,0.2206896551724138,183,435
3IHL_ACBD_,train,0.8793103448275862,0.7034482758620689,116,145
3IHL_ACBD_,train,0.9590163934426229,0.04951333051206094,122,2363
3IHL_ACBD_,train,0.975,0.5939086294416244,120,197
1H9G_AB_,train,0.5061728395061729,0.5125,162,160
3HCO_AB_,train,0.9510204081632653,0.6734104046242775,245,346
3HCO_AB_,train,0.9958333333333333,0.5786924939467313,240,413
2V2Z_A_,train,1.0,0.4161290322580645,129,310
5JWA_AH_,train,0.9930555555555556,0.06758034026465029,288,4232
4JOU_A_,train,0.8214285714285714,0.6363636363636364,196,253
4CZL_A_,train,0.7,0.4006734006734007,170,297
3AYI_AB_,train,0.934984520123839,0.7803617571059431,323,387
3AYI_AB_,train,0.9025157232704403,0.7653333333333333,318,375
2D0U_A_,train,1.0,0.6004672897196262,257,428
4IX6_AB_,train,0.5357142857142857,0.24691358024691357,112,243
4IX6_AB_,train,0.6198347107438017,0.189873417721519,121,395
2XRY_A_,train,0.8353413654618473,0.7272727272727273,249,286
1NB9_A_,train,0.9766081871345029,0.4550408719346049,171,367
3GWL_AB_,train,0.6702127659574468,0.7440944881889764,282,254
3GWL_AB_,train,0.9064748201438849,0.6810810810810811,278,370
2GKS_AB_,train,0.6869565217391305,0.25,115,316
2GKS_AB_,train,1.0,0.5435540069686411,156,287
2GKS_AB_,train,1.0,0.515358361774744,151,293
2GKS_AB_,train,0.6641221374045801,0.146218487394958,131,595
4AZW_A_,train,0.8305084745762712,0.84,177,175
4O8A_A_,train,0.9565217391304348,0.6055045871559633,276,436
5MJH_AB_,train,0.9964028776978417,0.7486486486486487,278,370
5MJH_AB_,train,1.0,0.6363636363636364,273,429
1RSG_AB_,train,0.9970674486803519,0.5954465849387041,341,571
1W46_ACBEDF_,train,0.6382978723404256,0.5056179775280899,141,178
1W46_ACBEDF_,train,0.5616438356164384,0.4880952380952381,146,168
1W46_ACBEDF_,train,0.7122302158273381,0.48058252427184467,139,206
1W46_ACBEDF_,train,0.5106382978723404,0.36923076923076925,141,195
4QDJ_A_,train,0.9902439024390244,0.6041666666666666,205,336
2CUL_A_,train,0.8801369863013698,0.7280453257790368,292,353
5LOA_AB_,train,0.9734513274336283,0.45454545454545453,226,484
3LL3_AB_,train,0.7948717948717948,0.6458333333333334,117,144
5V1T_AB_,train,0.9205298013245033,0.4276923076923077,151,325
3FBS_AC_,train,0.9657142857142857,0.5728813559322034,350,590
3OC4_AB_,train,0.7833935018050542,0.2198581560283688,277,987
3E18_AB_,train,0.5020576131687243,0.648936170212766,243,188
1U3G_A_,train,0.6222222222222222,0.3054545454545455,135,275
5D2E_A_,train,0.9661016949152542,0.4935064935064935,236,462
1YP4_ACBD_,train,0.8409090909090909,0.7816901408450704,132,142
5ZGS_A_,train,0.8734693877551021,0.5431472081218274,245,394
1CNE_A_,train,0.5244444444444445,0.6704545454545454,225,176
2QRC_ABG_,train,1.0,0.29494949494949496,146,495
4F9A_AB_,train,0.8896103896103896,0.541501976284585,154,253
5OC2_A_,train,0.9603960396039604,0.568359375,303,512
3RFA_B_,train,1.0,0.3304535637149028,153,463
1A59_AB_,train,0.7528089887640449,0.49814126394052044,178,269
1A59_AB_,train,0.603448275862069,0.5198019801980198,174,202
2Q7A_A_,train,0.8118811881188119,0.9162011173184358,202,179
4DJA_A_,train,0.9964285714285714,0.6923076923076923,280,403
1L8Q_A_,train,0.927536231884058,0.6464646464646465,138,198
2CGJ_A_,train,0.6766917293233082,0.2710843373493976,133,332
5JRX_A_,train,1.0,0.8149171270718232,295,362
1QR6_ACBD_,train,0.7619047619047619,0.6697674418604651,189,215
1QR6_ACBD_,train,0.6368159203980099,0.6632124352331606,201,193
1QR6_ACBD_,train,0.821256038647343,0.6614785992217899,207,257
1QR6_ACBD_,train,0.7807486631016043,0.5959183673469388,187,245
5OHF_AB_,train,0.7577092511013216,0.8269230769230769,227,208
5OHF_AB_,train,0.8108108108108109,0.8490566037735849,222,212
1ZBQ_AB_,train,1.0,0.4463667820069204,258,578
1ZBQ_AB_,train,1.0,0.5553235908141962,266,479
5NAH_A_,train,0.7620817843866171,0.41082164328657317,269,499
2VFS_A_,train,1.0,0.6254826254826255,324,518
4FAK_AB_,train,0.9759036144578314,0.44141689373297005,166,367
4FAK_AB_,train,0.9879518072289156,0.7922705314009661,166,207
3VEG_ACBEDF_,train,0.9490909090909091,0.4129746835443038,275,632
3VEG_ACBEDF_,train,0.7985074626865671,0.4045368620037807,268,529
4HTF_AB_,train,0.5031055900621118,0.421875,161,192
1X1A_A_,train,0.7396449704142012,0.6377551020408163,169,196
1D7D_AB_,train,0.8583333333333333,0.911504424778761,240,226
2Q8Q_A_,train,0.7521739130434782,0.5805369127516778,230,298
5LTJ_A_,train,0.9548872180451128,0.44405594405594406,133,286
3LNB_A_,train,0.7427184466019418,0.4935483870967742,206,310
3FPJ_AB_,train,0.5508982035928144,0.3865546218487395,167,238
3FPJ_AB_,train,0.956989247311828,0.4587628865979381,186,388
3IV6_A_,train,1.0,0.4651685393258427,207,445
3TKA_AB_,train,1.0,0.6575342465753424,192,292
3TKA_AB_,train,0.927461139896373,0.3134851138353765,193,571
5VJS_A_,train,0.696969696969697,0.9292929292929293,264,198
4R1Z_A_,train,1.0,0.4418212478920742,262,593
5Y6Q_ACB_,train,1.0,0.7152317880794702,324,453
1A27_AB_,train,1.0,0.39652677279305354,274,691
1A27_AB_,train,1.0,0.3959537572254335,274,692
2PUI_AB_,train,0.8888888888888888,0.42402826855123676,135,283
4C3S_AB_,train,0.8388625592417062,0.5,211,354
3FWR_AB_,train,0.7402597402597403,0.25,154,456
6BXL_AB_,train,0.8854961832061069,0.3706070287539936,131,313
2O0J_A_,train,0.7142857142857143,0.17647058823529413,105,425
2CNT_A_,train,0.7954545454545454,0.6013745704467354,220,291
1L0O_ACB_,train,0.9883720930232558,0.6589147286821705,172,258
1L0O_ACB_,train,0.9408284023668639,0.673728813559322,169,236
1IVJ_A_,train,0.7354260089686099,0.640625,223,256
5N1T_ABMW_,train,0.7857142857142857,0.6685082872928176,308,362
2IO9_AB_,train,0.9939024390243902,0.4604519774011299,164,354
1Z2O_X_,train,1.0,0.5800711743772242,163,281
3ZH0_AB_,train,1.0,0.7755681818181818,273,352
3ZH0_AB_,train,1.0,0.788135593220339,279,354
4NL5_AB_,train,0.9372197309417041,0.7627737226277372,223,274
4NL5_AB_,train,0.9638009049773756,0.7395833333333334,221,288
4U6S_AB_,train,0.6443514644351465,0.5811320754716981,239,265
4U9W_AF_,train,0.9055793991416309,0.7033333333333334,233,300
4Z25_AC_,train,1.0,0.4016990291262136,331,824
4Z25_AC_,train,0.6205882352941177,0.6317365269461078,340,334
1YRE_AB_,train,0.7899543378995434,0.565359477124183,219,306
1JL6_A_,train,0.8594377510040161,0.7838827838827839,249,273
1LUA_ACB_,train,0.7142857142857143,0.6037735849056604,224,265
3LTB_AB_,train,0.6090909090909091,0.9054054054054054,110,74
3LTB_AB_,train,0.7115384615384616,0.8131868131868132,104,91
4C44_AB_,train,0.989010989010989,0.8709677419354839,273,310
1KSF_X_,train,0.9142857142857143,0.5267489711934157,140,243
2WLE_ACB_,train,0.8658536585365854,0.7294520547945206,246,292
4ANJ_AB_,train,0.8597560975609756,0.31403118040089084,164,449
4HSE_A_,train,0.9090909090909091,0.7017543859649122,132,171
1TC6_AB_,train,0.7301587301587301,0.6814814814814815,126,135
1TC6_AB_,train,0.5409836065573771,0.584070796460177,122,113
3KFT_A_,train,0.8641975308641975,0.21341463414634146,81,328
3FBU_ACBD_,train,0.75,0.6037151702786377,260,323
4YMI_AB_,train,0.6460176991150443,0.5816733067729084,226,251
6ESD_AB_,train,1.0,0.3055555555555556,308,1008
6ESD_AB_,train,0.8544303797468354,0.4787234042553192,316,564
2HKX_AB_,train,0.8446969696969697,0.8168498168498168,264,273
5KHA_AB_,train,0.8169014084507042,0.6590909090909091,142,176
5KHA_AB_,train,0.9398496240601504,0.7309941520467836,133,171
2O7S_A_,train,0.8847583643122676,0.6025316455696202,269,395
3UHA_AB_,train,0.7456140350877193,0.5862068965517241,228,290
6GNF_A_,train,1.0,0.31952662721893493,162,507
4YDU_AC_,train,0.9177215189873418,0.5197132616487455,158,279
2ZW7_AB_,train,0.9279279279279279,0.3060921248142645,222,673
4GTD_ACBD_,train,0.9498069498069498,0.06453305351521511,259,3812
5EUL_AYEV_,train,0.7109375,0.4396135265700483,128,207
2WTG_AB_,train,0.647887323943662,0.7931034482758621,284,232
3IA8_A_,train,0.7902439024390244,0.6,205,270
4YIX_AB_,train,0.9938650306748467,0.48942598187311176,163,331
4YIX_AB_,train,0.9874213836477987,0.5627240143369175,159,279
1KQA_ACB_,train,0.9675925925925926,0.18430335097001763,216,1134
1KQA_ACB_,train,0.9422222222222222,0.39332096474953615,225,539
2B25_A_,train,0.6763005780346821,0.6647727272727273,173,176
4AT2_AB_,train,0.9401993355481728,0.6581395348837209,301,430
4AT2_AB_,train,0.9169435215946844,0.6731707317073171,301,410
2WDS_ACB_,train,0.7866666666666666,0.731404958677686,225,242
4N67_A_,train,1.0,0.4444444444444444,140,315
5TQM_A_,train,0.9541284403669725,0.4622222222222222,218,450
3PDT_A_,train,0.74,0.444,150,250
3TRI_AB_,train,0.8577405857740585,0.30597014925373134,239,670
3TRI_AB_,train,0.525691699604743,0.4290322580645161,253,310
1KHR_ACB_,train,0.863013698630137,0.41721854304635764,219,453
1KHR_ACB_,train,0.8285714285714286,0.39908256880733944,210,436
2IUU_ACBEDF_,train,0.8235294117647058,0.34782608695652173,136,322
1QHU_A_,train,0.5757575757575758,0.8260869565217391,198,138
4ZQG_AB_,train,0.9834710743801653,0.3953488372093023,242,602
2VRB_AB_,train,0.5248868778280543,0.37540453074433655,221,309
2VRB_AB_,train,0.8868778280542986,0.33276740237691,221,589
2J0W_AB_,train,0.5403726708074534,0.7435897435897436,161,117
2J0W_AB_,train,0.5333333333333333,0.7857142857142857,165,112
6ERC_A_,train,1.0,0.7,259,370
2F8L_A_,train,0.6424870466321243,0.775,193,160
3BWM_A_,train,0.9946808510638298,0.7164750957854407,188,261
4OZJ_ACB_,train,0.5279503105590062,0.5985915492957746,161,142
4OZJ_ACB_,train,0.8607594936708861,0.6903553299492385,158,197
4OZJ_ACB_,train,0.9736842105263158,0.4900662251655629,152,302
1IDR_AB_,train,0.5212355212355212,0.7941176470588235,259,170
1IDR_AB_,train,0.9250936329588015,0.8316498316498316,267,297
5HFJ_AB_,train,0.6706586826347305,0.34782608695652173,167,322
1OHB_AB_,train,0.6138613861386139,0.21379310344827587,101,290
4HI4_BD_,train,0.8072289156626506,0.8271604938271605,249,243
4HI4_BD_,train,0.8414634146341463,0.8149606299212598,246,254
4RS2_A_,train,0.6062176165803109,0.4398496240601504,193,266
5XTN_AB_,train,0.7028112449799196,0.6782945736434108,249,258
5XTN_AB_,train,0.6544715447154471,0.41818181818181815,246,385
3P4X_A_,train,0.6464646464646465,0.49230769230769234,99,130
3CQV_A_,train,0.8075471698113208,0.5691489361702128,265,376
4IZ5_AG_,train,0.7697368421052632,0.44150943396226416,152,265
4FZV_AB_,train,0.6242424242424243,0.3433333333333333,165,300
5BQ5_A_,train,0.74,0.6032608695652174,150,184
4WDT_A_,train,0.7379032258064516,0.3927038626609442,248,466
4QI4_A_,train,1.0,0.563302752293578,307,545
3D1C_AB_,train,0.9261744966442953,0.518796992481203,298,532
3D1C_AB_,train,0.9736842105263158,0.5461254612546126,304,542
4MZU_ACBEDF_,train,0.6415094339622641,0.7472527472527473,212,182
4MZU_ACBEDF_,train,0.5867768595041323,0.743455497382199,242,191
4HB9_A_,train,0.7272727272727273,0.44543429844098,275,449
1LJ8_A_,train,0.705607476635514,0.604,214,250
2FSN_A_,train,0.7132867132867133,0.3554006968641115,143,287
2O7P_AB_,train,0.9567099567099567,0.27116564417177913,231,815
4GI2_AC_,train,0.5191489361702127,0.5596330275229358,235,218
4GI2_AC_,train,0.5397489539748954,0.5536480686695279,239,233
2B9I_AC_,train,0.625,0.5806451612903226,144,155
5N1U_A_,train,0.7890295358649789,0.5917721518987342,237,316
2VUU_AI_,train,0.6095238095238096,0.6037735849056604,210,212
3GYQ_AB_,train,0.7988165680473372,0.7758620689655172,169,174
2YYY_AB_,train,0.8158995815899581,0.7738095238095238,239,252
4TXK_A_,train,1.0,0.581888246628131,302,519
2YY8_AB_,train,0.9805194805194806,0.5261324041811847,154,287
3FY4_A_,train,1.0,0.705607476635514,302,428
2EJT_A_,train,0.7108433734939759,0.5673076923076923,166,208
1LTQ_ACBD_,train,0.8352941176470589,0.12724014336917563,85,558
1LTQ_ACBD_,train,0.8202247191011236,0.11967213114754098,89,610
1LTQ_ACBD_,train,0.8314606741573034,0.08078602620087336,89,916
1LTQ_ACBD_,train,0.7956989247311828,0.1178343949044586,93,628
3R5C_ACB_,train,0.5594059405940595,0.31215469613259667,202,362
3R5C_ACB_,train,0.599009900990099,0.22201834862385322,202,545
2D38_AB_,train,0.5111111111111111,0.5443786982248521,180,169
3V1U_AB_,train,0.7479674796747967,0.8288288288288288,246,222
3W4I_AB_,train,0.9314641744548287,0.38780804150453957,321,771
1EBF_AB_,train,0.8878048780487805,0.4789473684210526,205,380
5FG8_AB_,train,0.8493975903614458,0.5361216730038023,166,263
2V7L_A_,train,0.9847908745247148,0.5692307692307692,263,455
2ZON_ACBG_,train,0.9418181818181818,0.875,275,296
1NUU_ACBD_,train,0.7327935222672065,0.44471744471744473,247,407
5ECX_AB_,train,0.5746268656716418,0.4967741935483871,268,310
5ECX_AB_,train,0.8529411764705882,0.7227414330218068,272,321
1QAO_A_,train,0.9123711340206185,0.686046511627907,194,258
1V2X_AB_,train,0.9828571428571429,0.6441947565543071,175,267
1V2X_AB_,train,0.9777777777777777,0.6692015209125475,180,263
3QJ4_A_,train,0.9939393939393939,0.6119402985074627,330,536
3VLI_AB_,train,0.9923371647509579,0.6065573770491803,261,427
3VLI_AB_,train,0.9962406015037594,0.6511056511056511,266,407
2IG3_A_,train,0.9550561797752809,0.7870370370370371,267,324
3JBZ_A_,train,0.6268656716417911,0.3559322033898305,134,236
4FDA_AB_,train,0.7439613526570048,0.6135458167330677,207,251
4FDA_AB_,train,0.9807692307692307,0.4892086330935252,208,417
4FFO_A_,train,0.8023952095808383,0.3817663817663818,167,351
3UXJ_AB_,train,0.7425149700598802,0.22545454545454546,167,550
4XT8_AB_,train,0.624,0.5182724252491694,250,301
2WE5_AB_,train,0.84,0.34054054054054056,150,370
3QZY_AB_,train,0.7738095238095238,0.40372670807453415,252,483
3QZY_AB_,train,0.6680161943319838,0.637065637065637,247,259
2NPN_A_,train,0.8785714285714286,0.3649851632047478,140,337
3OKX_AB_,train,0.9947643979057592,0.5846153846153846,191,325
3OKX_AB_,train,0.9779005524861878,0.553125,181,320
3DDD_A_,train,0.6932773109243697,0.28350515463917525,238,582
3KAL_AB_,train,0.9806451612903225,0.34080717488789236,155,446
3KAL_AB_,train,1.0,0.22427035330261136,146,651
3P2K_A_,train,0.6590909090909091,0.7532467532467533,176,154
1I58_AB_,train,0.7602739726027398,0.6166666666666667,146,180
6C12_BD_,train,0.9103448275862069,0.825,290,320
1N71_AB_,train,0.5245901639344263,0.7071823204419889,244,181
4L1Y_A_,train,0.8014705882352942,0.689873417721519,272,316
2EU7_X_,train,0.8922413793103449,0.6571428571428571,232,315
4DTW_B_,train,1.0,0.593186372745491,296,499
5XWW_AB_,train,0.9625468164794008,0.6345679012345679,267,405
5XWW_AB_,train,0.9853479853479854,0.5663157894736842,273,475
3H8T_ACBD_,train,0.5450643776824035,0.3075060532687651,233,413
3GYA_A_,train,0.6820809248554913,0.39464882943143814,173,299
2V3K_A_,train,0.7676056338028169,0.7465753424657534,142,146
5WGG_AB_,train,0.9719101123595506,0.2521865889212828,178,686
1EJ2_A_,train,0.8340080971659919,0.5936599423631124,247,347
2RK2_ACBD_,train,0.7023809523809523,0.28365384615384615,168,416
5BYU_ACBD_,train,0.5198019801980198,0.32507739938080493,202,323
6BDM_AB_,train,0.7052238805970149,0.29763779527559053,268,635
6BDM_AB_,train,1.0,0.1670886075949367,264,1580
3UNG_C_,train,0.9805825242718447,0.63125,103,160
5UBB_AB_,train,1.0,0.5482954545454546,193,352
5UBB_AB_,train,1.0,0.45605700712589076,192,421
5TTF_AC_,train,0.7261146496815286,0.4453125,157,256
5TTF_AC_,train,0.7025316455696202,0.3384146341463415,158,328
1FDU_AB_,train,1.0,0.3405612244897959,267,784
1FDU_AB_,train,0.9963768115942029,0.30087527352297594,276,914
4CNZ_ACB_,train,1.0,0.4531645569620253,179,395
4CNZ_ACB_,train,1.0,0.5775577557755776,175,303
4CNZ_ACB_,train,1.0,0.6057347670250897,169,279
1JWY_A_,train,0.5510204081632653,0.2563291139240506,147,316
2YJZ_A_,train,0.5402843601895735,0.8702290076335878,211,131
2X3N_A_,train,0.7011494252873564,0.4575,261,400
3KB1_AB_,train,0.8203125,0.5048076923076923,128,208
3KB1_AB_,train,0.5970149253731343,0.6451612903225806,134,124
5JFL_ACBD_,train,0.6233183856502242,0.7055837563451777,223,197
5JFL_ACBD_,train,0.8169014084507042,0.6420664206642066,213,271
5JFL_ACBD_,train,0.7777777777777778,0.6387832699619772,216,263
1PFK_ACBD_,train,0.5234899328859061,0.8210526315789474,149,95
1PFK_ACBD_,train,0.7253521126760564,0.7518248175182481,142,137
5A8A_A_,train,0.6049382716049383,0.310126582278481,162,316
2Y79_AB_,train,1.0,0.7906976744186046,272,344
2Y79_AB_,train,1.0,0.6475972540045767,283,437
3TY5_AB_,train,1.0,0.34029227557411273,163,479
1NYT_ACBD_,train,0.6538461538461539,0.6439393939393939,260,264
3LLI_A_,train,0.8714733542319749,0.5708418891170431,319,487
3LCV_B_,train,1.0,0.7259786476868327,204,281
1NW3_A_,train,0.9035532994923858,0.5579937304075235,197,319
3FMO_AB_,train,0.7209302325581395,0.5138121546961326,129,181
4XCK_AB_,train,0.8449612403100775,0.287598944591029,129,379
4XCK_AB_,train,0.9428571428571428,0.4217252396166134,140,313
5JPH_ACB_,train,0.7109004739336493,0.45592705167173253,211,329
4U99_A_,train,1.0,0.7519582245430809,288,383
5FBS_A_,train,0.9939024390243902,0.5158227848101266,164,316
3Q9O_A_,train,0.7441860465116279,0.7111111111111111,215,225
3E2C_AB_,train,0.8697318007662835,0.7591973244147158,261,299
2VQ3_AB_,train,0.848,0.7598566308243727,250,279
2VQ3_AB_,train,0.9031007751937985,0.7740863787375415,258,301
1D2V_ACBD_,train,0.8687782805429864,0.617363344051447,221,311
1D2V_ACBD_,train,0.9441860465116279,0.4300847457627119,215,472
6FM2_ACBD_,train,0.7921348314606742,0.11491442542787286,178,1227
6FM2_ACBD_,train,0.9341317365269461,0.13866666666666666,167,1125
3X35_A_,train,0.8289473684210527,0.875,228,216
2ZPA_A_,train,0.9791666666666666,0.28952772073921973,144,487
1USF_AB_,train,0.9066666666666666,0.21052631578947367,75,323
1USF_AB_,train,0.9090909090909091,0.24305555555555555,77,288
3ENK_AB_,train,0.9541984732824428,0.2927400468384075,262,854
3ENK_AB_,train,0.6842105263157895,0.31542461005199307,266,577
5W40_A_,train,0.5449101796407185,0.5652173913043478,167,161
5L3K_ACBD_,train,0.810126582278481,0.512,158,250
3AKC_A_,train,0.9214285714285714,0.3368146214099217,140,383
1F0X_A_,train,0.825938566552901,0.6111111111111112,293,396
1NW5_A_,train,0.5375722543352601,0.8230088495575221,173,113
4JJZ_AB_,train,0.6549295774647887,0.15097402597402598,142,616
4JJZ_AB_,train,0.7121212121212122,0.1337126600284495,132,703
2I29_ACBD_,train,0.6885245901639344,0.18155619596541786,183,694
2I29_ACBD_,train,0.5659340659340659,0.2325056433408578,182,443
5FYG_A_,train,0.9823943661971831,0.5386100386100386,284,518
3CP8_AB_,train,0.8283828382838284,0.6820652173913043,303,368
2HYD_AB_,train,0.7714285714285715,0.4909090909090909,140,220
2H21_A_,train,0.743421052631579,0.437984496124031,152,258
4D7E_BD_,train,0.7672131147540984,0.5330296127562643,305,439
4D7E_BD_,train,0.9862068965517241,0.6008403361344538,290,476
4O5Q_AB_,train,0.5870967741935483,0.9680851063829787,310,188
4O5Q_AB_,train,0.9058441558441559,0.7771587743732591,308,359
3L86_A_,train,0.5528455284552846,0.26053639846743293,123,261
5MR6_HEGF_,train,0.799163179916318,0.4029535864978903,239,474
5MR6_HEGF_,train,0.7975206611570248,0.4260485651214128,242,453
5MR6_HEGF_,train,0.8392857142857143,0.428246013667426,224,439
5MR6_HEGF_,train,0.7887931034482759,0.42857142857142855,232,427
4DQK_A_,train,0.6264150943396226,0.5824561403508772,265,285
4LG1_ACB_,train,0.8253968253968254,0.7647058823529411,189,204
4LG1_ACB_,train,0.9032258064516129,0.8275862068965517,186,203
4LG1_ACB_,train,0.6774193548387096,0.7325581395348837,186,172
2CYE_AC_,train,0.5525114155251142,0.6914285714285714,219,175
1UAK_AB_,train,0.8871794871794871,0.8781725888324873,195,197
1UAK_AB_,train,0.9890710382513661,0.6703703703703704,183,270
5N69_AHBG_,train,1.0,0.18323353293413175,153,835
6BME_A_,train,0.8931297709923665,0.8634686346863468,262,271
6F73_A_,train,0.96,0.5938144329896907,300,485
1SC6_ACBD_,train,0.6724137931034483,0.21787709497206703,232,716
5MAQ_ACBD_,train,0.9454545454545454,0.1392235609103079,110,747
5MAQ_ACBD_,train,0.9553571428571429,0.16066066066066065,112,666
2HMA_AB_,train,1.0,0.053426248548199766,138,2583
3I73_A_,train,0.6343283582089553,0.6159420289855072,134,138
3D36_ACB_,train,0.9937106918238994,0.5284280936454849,159,299
3D36_ACB_,train,1.0,0.6007194244604317,167,278
3QDQ_A_,train,0.7181818181818181,0.6752136752136753,220,234
2QX4_AB_,train,0.6844106463878327,0.5590062111801242,263,322
2QX4_AB_,train,0.7174721189591078,0.5514285714285714,269,350
3QB8_A_,train,0.7641509433962265,0.4366576819407008,212,371
4N6B_AED_,train,0.6519607843137255,0.06273584905660377,204,2120
4GP6_ACBD_,train,0.6018518518518519,0.33505154639175255,108,194
5O7D_A_,train,0.660377358490566,0.6,159,175
3OZ2_A_,train,0.9305993690851735,0.35499398315282793,317,831
2W58_AB_,train,0.8771929824561403,0.4444444444444444,114,225
3VPC_ACBD_,train,0.9937106918238994,0.12855980471928397,159,1229
3VPC_ACBD_,train,1.0,0.11519777931991672,166,1441
2VWH_AB_,train,0.6169354838709677,0.5625,248,272
2VWH_AB_,train,0.5967741935483871,0.5323741007194245,248,278
4NHD_AC_,train,0.5511111111111111,0.35127478753541075,225,353
4NHD_AC_,train,0.5983606557377049,0.43452380952380953,244,336
5OAF_ACBEDF_,train,1.0,0.06896551724137931,8,116
1MO3_A_,train,0.5121951219512195,0.6,123,105
2QIR_A_,train,0.8825757575757576,0.6067708333333334,264,384
1F48_A_,train,0.6923076923076923,0.5689655172413793,143,174
1F48_A_,train,0.9133333333333333,0.2580037664783427,150,531
4S1H_AB_,train,0.9886363636363636,0.37339055793991416,176,466
4S1H_AB_,train,0.9745222929936306,0.3984375,157,384
1HJO_A_,train,0.8616352201257862,0.4065281899109792,159,337
6DUX_AB_,train,0.7008196721311475,0.2223667100130039,244,769
3HFW_A_,train,0.9436619718309859,0.5193798449612403,142,258
